N,sr,lr,sigma,IP,esr,kl,accuracy
800,0.4,0.94,0.1,True,0.39999999999999963,0.0665048130458202,0.285
800,0.4,0.94,0.1,True,0.4000000000000008,0.07260221236791548,0.3
800,0.4,0.94,0.1,True,0.3999999999999993,0.09472961675998856,0.29
800,0.4,0.94,0.1,True,0.40000000000000085,0.14463490038109905,0.285
800,0.4,0.94,0.1,True,0.4000000000000007,0.10739300160414027,0.325
800,0.4,0.94,0.1,True,0.3999999999999999,0.08833409423005997,0.285
800,0.4,0.94,0.1,True,0.4000000000000007,0.1584538185082782,0.3
800,0.4,0.94,0.1,True,0.39999999999999836,0.1666416490073505,0.305
800,0.4,0.94,0.1,True,0.3999999999999995,0.20253127845070834,0.29
800,0.4,0.94,0.1,True,0.40000000000000097,0.10287716431895366,0.265
800,0.4,0.94,0.1,True,0.4000000000000001,0.06058584010927302,0.285
800,0.4,0.94,0.1,True,0.4000000000000001,0.08918586529319449,0.285
800,0.4,0.94,0.1,True,0.3999999999999988,0.09534468252744926,0.32
800,0.4,0.94,0.1,True,0.39999999999999897,0.06303052304238291,0.305
800,0.4,0.94,0.1,True,0.40000000000000047,0.13137955613759245,0.275
800,0.4,0.94,0.1,True,0.39999999999999947,0.08312807892133617,0.275
800,0.4,0.94,0.1,True,0.4000000000000008,0.1634093685006009,0.275
800,0.4,0.94,0.1,True,0.39999999999999897,0.15614195579765638,0.31
800,0.4,0.94,0.1,True,0.39999999999999886,0.07148444244004998,0.29
800,0.4,0.94,0.1,True,0.40000000000000047,0.1109042357004813,0.32
800,0.4,0.94,0.1,True,0.3999999999999998,0.06168874952949983,0.29
800,0.4,0.94,0.1,True,0.3999999999999989,0.0722214717557045,0.275
800,0.4,0.94,0.1,True,0.4000000000000001,0.07052227599097124,0.28
800,0.4,0.94,0.1,True,0.4000000000000007,0.1205610252338472,0.3
800,0.4,0.94,0.1,True,0.40000000000000024,0.08010711853435216,0.3
800,0.4,0.94,0.2,True,0.39999999999999897,1.4878280990712223,0.3
800,0.4,0.94,0.2,True,0.39999999999999997,1.4078483779701294,0.315
800,0.4,0.94,0.2,True,0.40000000000000097,1.4540890795516015,0.305
800,0.4,0.94,0.2,True,0.4000000000000001,1.1401483892169462,0.325
800,0.4,0.94,0.2,True,0.4000000000000012,1.5399566861617877,0.305
800,0.4,0.94,0.2,True,0.3999999999999999,1.3519265405161784,0.285
800,0.4,0.94,0.2,True,0.40000000000000063,1.5901960806313227,0.27
800,0.4,0.94,0.2,True,0.3999999999999996,1.3142743325696018,0.29
800,0.4,0.94,0.2,True,0.4000000000000002,1.2930807511011748,0.31
800,0.4,0.94,0.2,True,0.3999999999999989,1.2746818724166384,0.31
800,0.4,0.94,0.2,True,0.39999999999999897,1.2949302484871876,0.265
800,0.4,0.94,0.2,True,0.4000000000000018,1.3919327967248645,0.295
800,0.4,0.94,0.2,True,0.39999999999999974,1.385836118820164,0.285
800,0.4,0.94,0.2,True,0.39999999999999775,1.4732168158078731,0.285
800,0.4,0.94,0.2,True,0.3999999999999996,1.2268279913481364,0.33
800,0.4,0.94,0.2,True,0.3999999999999999,1.3687983759367048,0.27
800,0.4,0.94,0.2,True,0.39999999999999925,1.5276931401490514,0.29
800,0.4,0.94,0.2,True,0.40000000000000047,1.504490930122031,0.31
800,0.4,0.94,0.2,True,0.3999999999999977,1.4675422002350893,0.255
800,0.4,0.94,0.2,True,0.4000000000000005,1.2990466916163517,0.3
800,0.4,0.94,0.2,True,0.40000000000000124,1.3499760060020505,0.295
800,0.4,0.94,0.2,True,0.3999999999999993,1.5180677437104828,0.275
800,0.4,0.94,0.2,True,0.39999999999999947,1.764643751231502,0.305
800,0.4,0.94,0.2,True,0.39999999999999974,1.4486259308583127,0.305
800,0.4,0.94,0.2,True,0.400000000000002,1.3463460746554914,0.29
800,0.4,0.94,0.3,True,0.3999999999999991,1.112068499250586,0.305
800,0.4,0.94,0.3,True,0.39999999999999886,1.1741792655472556,0.29
800,0.4,0.94,0.3,True,0.40000000000000113,1.2239043496756685,0.305
800,0.4,0.94,0.3,True,0.40000000000000113,1.0962039779986972,0.285
800,0.4,0.94,0.3,True,0.3999999999999982,1.2219891707996817,0.315
800,0.4,0.94,0.3,True,0.3999999999999998,1.1460453001051203,0.3
800,0.4,0.94,0.3,True,0.40000000000000036,1.3113514888092426,0.29
800,0.4,0.94,0.3,True,0.40000000000000036,1.2022878067985332,0.295
800,0.4,0.94,0.3,True,0.4000000000000008,1.1832597822224327,0.3
800,0.4,0.94,0.3,True,0.3999999999999986,1.2662617593980534,0.305
800,0.4,0.94,0.3,True,0.40000000000000024,1.2855425367044186,0.32
800,0.4,0.94,0.3,True,0.4000000000000003,1.1552735595599652,0.295
800,0.4,0.94,0.3,True,0.39999999999999936,1.1094424503501832,0.305
800,0.4,0.94,0.3,True,0.39999999999999936,1.2537916725972391,0.28
800,0.4,0.94,0.3,True,0.40000000000000124,1.2221822759511056,0.29
800,0.4,0.94,0.3,True,0.3999999999999985,1.1684245914483373,0.325
800,0.4,0.94,0.3,True,0.39999999999999925,1.1338200649829147,0.305
800,0.4,0.94,0.3,True,0.39999999999999986,1.1766585020685647,0.29
800,0.4,0.94,0.3,True,0.3999999999999998,1.2286923800632161,0.3
800,0.4,0.94,0.3,True,0.4,1.1156194199540446,0.29
800,0.4,0.94,0.3,True,0.3999999999999998,1.2135393480432346,0.3
800,0.4,0.94,0.3,True,0.40000000000000013,1.04310086878297,0.305
800,0.4,0.94,0.3,True,0.39999999999999963,1.156919697477067,0.3
800,0.4,0.94,0.3,True,0.4000000000000007,1.2008711829205363,0.285
800,0.4,0.94,0.3,True,0.4000000000000019,1.2369324570630782,0.31
1000,0.4,0.94,0.1,True,0.4000000000000001,0.24112090569762382,0.3
1000,0.4,0.94,0.1,True,0.4000000000000001,0.22313851725041123,0.3
1000,0.4,0.94,0.1,True,0.4000000000000001,0.1990332424671004,0.325
1000,0.4,0.94,0.1,True,0.39999999999999897,0.6225083643952775,0.32
1000,0.4,0.94,0.1,True,0.4000000000000005,0.1450064609678363,0.285
1000,0.4,0.94,0.1,True,0.4000000000000005,0.21404847096748944,0.305
1000,0.4,0.94,0.1,True,0.3999999999999999,0.17465347917129675,0.31
1000,0.4,0.94,0.1,True,0.39999999999999997,0.25026872901054364,0.33
1000,0.4,0.94,0.1,True,0.4000000000000002,0.23502447317371045,0.28
1000,0.4,0.94,0.1,True,0.40000000000000047,0.22784876878185822,0.325
1000,0.4,0.94,0.1,True,0.3999999999999996,0.33115966559586624,0.3
1000,0.4,0.94,0.1,True,0.4000000000000007,0.18822721049485516,0.285
1000,0.4,0.94,0.1,True,0.4000000000000006,0.4568189872903955,0.315
1000,0.4,0.94,0.1,True,0.39999999999999886,0.13561513148892748,0.31
1000,0.4,0.94,0.1,True,0.4000000000000004,0.2732973691690852,0.325
1000,0.4,0.94,0.1,True,0.3999999999999998,0.2782228983813442,0.29
1000,0.4,0.94,0.1,True,0.3999999999999983,0.29339024740123554,0.305
1000,0.4,0.94,0.1,True,0.3999999999999998,0.11280372992542231,0.295
1000,0.4,0.94,0.1,True,0.3999999999999986,0.126515937580305,0.295
1000,0.4,0.94,0.1,True,0.39999999999999925,0.12246869159788837,0.3
1000,0.4,0.94,0.1,True,0.39999999999999913,0.5306711245327763,0.3
1000,0.4,0.94,0.1,True,0.4000000000000005,0.32394359607598944,0.285
1000,0.4,0.94,0.1,True,0.4000000000000003,0.1343889063388334,0.31
1000,0.4,0.94,0.1,True,0.4000000000000018,0.29453406209808247,0.32
1000,0.4,0.94,0.1,True,0.40000000000000113,0.18583455964536644,0.31
1000,0.4,0.94,0.2,True,0.40000000000000235,1.7280679130254701,0.32
1000,0.4,0.94,0.2,True,0.4000000000000007,1.7342377456658418,0.315
1000,0.4,0.94,0.2,True,0.3999999999999991,1.493495436890778,0.31
1000,0.4,0.94,0.2,True,0.40000000000000147,1.516768759868688,0.315
1000,0.4,0.94,0.2,True,0.40000000000000174,1.6669400488237531,0.3
1000,0.4,0.94,0.2,True,0.4000000000000003,1.7088288535725575,0.305
1000,0.4,0.94,0.2,True,0.4000000000000018,1.5718789082492857,0.31
1000,0.4,0.94,0.2,True,0.40000000000000324,1.5600413647365237,0.285
1000,0.4,0.94,0.2,True,0.4,1.6401442811626596,0.335
1000,0.4,0.94,0.2,True,0.4000000000000001,1.6462453281719516,0.29
1000,0.4,0.94,0.2,True,0.39999999999999936,1.5638869117352476,0.305
1000,0.4,0.94,0.2,True,0.40000000000000124,1.631235291343915,0.295
1000,0.4,0.94,0.2,True,0.39999999999999925,1.6495990600500354,0.3
1000,0.4,0.94,0.2,True,0.4000000000000001,1.7093510146200936,0.305
1000,0.4,0.94,0.2,True,0.4000000000000002,1.716920827472356,0.295
1000,0.4,0.94,0.2,True,0.3999999999999999,1.6367158961687278,0.33
1000,0.4,0.94,0.2,True,0.40000000000000163,1.612328295600923,0.285
1000,0.4,0.94,0.2,True,0.3999999999999998,1.7588678070497843,0.3
1000,0.4,0.94,0.2,True,0.39999999999999925,1.5755313562324615,0.33
1000,0.4,0.94,0.2,True,0.3999999999999996,1.7850888289427371,0.3
1000,0.4,0.94,0.2,True,0.3999999999999977,1.7560431210994383,0.31
1000,0.4,0.94,0.2,True,0.39999999999999913,1.8057075186626435,0.28
1000,0.4,0.94,0.2,True,0.40000000000000047,1.616516129979683,0.3
1000,0.4,0.94,0.2,True,0.3999999999999988,1.7201277916260205,0.295
1000,0.4,0.94,0.2,True,0.3999999999999988,1.7899497408197447,0.32
1000,0.4,0.94,0.3,True,0.4,1.2967260094000626,0.33
1000,0.4,0.94,0.3,True,0.40000000000000013,1.3697717731624683,0.3
1000,0.4,0.94,0.3,True,0.4000000000000003,1.1752618506809696,0.32
1000,0.4,0.94,0.3,True,0.4000000000000031,1.4210129163499992,0.305
1000,0.4,0.94,0.3,True,0.3999999999999986,1.2641744846712566,0.295
1000,0.4,0.94,0.3,True,0.39999999999999847,1.2533578625417974,0.3
1000,0.4,0.94,0.3,True,0.40000000000000147,1.2402902194470091,0.295
1000,0.4,0.94,0.3,True,0.4000000000000006,1.2867998743149254,0.31
1000,0.4,0.94,0.3,True,0.4,1.298643771574284,0.285
1000,0.4,0.94,0.3,True,0.39999999999999963,1.277661409354099,0.32
1000,0.4,0.94,0.3,True,0.39999999999999947,1.1909898286329552,0.32
1000,0.4,0.94,0.3,True,0.400000000000002,1.2229010975908534,0.3
1000,0.4,0.94,0.3,True,0.400000000000001,1.2755210500577898,0.295
1000,0.4,0.94,0.3,True,0.4,1.240925313691561,0.3
1000,0.4,0.94,0.3,True,0.4000000000000009,1.4296062330532116,0.315
1000,0.4,0.94,0.3,True,0.3999999999999976,1.2818888118250045,0.315
1000,0.4,0.94,0.3,True,0.4000000000000007,1.2265390893313575,0.295
1000,0.4,0.94,0.3,True,0.39999999999999997,1.2449499282863088,0.315
1000,0.4,0.94,0.3,True,0.39999999999999997,1.2403870254973244,0.32
1000,0.4,0.94,0.3,True,0.40000000000000085,1.3093788577572611,0.31
1000,0.4,0.94,0.3,True,0.40000000000000036,1.3443538519663711,0.305
1000,0.4,0.94,0.3,True,0.40000000000000263,1.2570327025711299,0.315
1000,0.4,0.94,0.3,True,0.39999999999999974,1.3424187374250014,0.29
1000,0.4,0.94,0.3,True,0.3999999999999994,1.3967684382149996,0.315
1000,0.4,0.94,0.3,True,0.39999999999999936,1.4002089908565933,0.295
1200,0.4,0.94,0.1,True,0.40000000000000024,0.30844332146393627,0.295
1200,0.4,0.94,0.1,True,0.3999999999999998,0.4326009501706446,0.315
1200,0.4,0.94,0.1,True,0.4000000000000003,0.24443688275632486,0.32
1200,0.4,0.94,0.1,True,0.39999999999999886,0.7728848506040575,0.3
1200,0.4,0.94,0.1,True,0.39999999999999936,0.27477947087349514,0.295
1200,0.4,0.94,0.1,True,0.39999999999999936,0.5640651134058687,0.295
1200,0.4,0.94,0.1,True,0.40000000000000135,0.6910758016061214,0.335
1200,0.4,0.94,0.1,True,0.39999999999999925,0.4856329520023801,0.29
1200,0.4,0.94,0.1,True,0.4,0.3320677488353344,0.315
1200,0.4,0.94,0.1,True,0.4000000000000006,0.3725065615131613,0.335
1200,0.4,0.94,0.1,True,0.39999999999999936,0.4387377143561409,0.315
1200,0.4,0.94,0.1,True,0.39999999999999664,0.38627027762080574,0.32
1200,0.4,0.94,0.1,True,0.39999999999999775,0.7983263517220524,0.315
1200,0.4,0.94,0.1,True,0.40000000000000024,0.4177433201974998,0.29
1200,0.4,0.94,0.1,True,0.3999999999999987,0.22806342018692774,0.295
1200,0.4,0.94,0.1,True,0.4000000000000001,0.5211408541327269,0.32
1200,0.4,0.94,0.1,True,0.39999999999999913,0.3561487256223256,0.315
1200,0.4,0.94,0.1,True,0.40000000000000036,0.6460147074660301,0.3
1200,0.4,0.94,0.1,True,0.4000000000000004,0.45714326516185133,0.335
1200,0.4,0.94,0.1,True,0.39999999999999963,0.4288159230420639,0.305
1200,0.4,0.94,0.1,True,0.3999999999999989,0.49385175234299544,0.295
1200,0.4,0.94,0.1,True,0.4000000000000009,0.32364239866321565,0.315
1200,0.4,0.94,0.1,True,0.39999999999999925,0.3363131046475014,0.32
1200,0.4,0.94,0.1,True,0.4000000000000006,0.4408258951164922,0.325
1200,0.4,0.94,0.1,True,0.3999999999999976,0.6012763583581198,0.315
1200,0.4,0.94,0.2,True,0.40000000000000085,1.687095481820449,0.315
1200,0.4,0.94,0.2,True,0.40000000000000113,1.766208544972173,0.325
1200,0.4,0.94,0.2,True,0.3999999999999996,1.8482584461080083,0.29
1200,0.4,0.94,0.2,True,0.4000000000000003,1.8632423302666288,0.3
1200,0.4,0.94,0.2,True,0.3999999999999989,1.8391943036474534,0.27
1200,0.4,0.94,0.2,True,0.4000000000000003,2.1249387410477247,0.32
1200,0.4,0.94,0.2,True,0.4000000000000015,1.81802207357366,0.32
1200,0.4,0.94,0.2,True,0.39999999999999963,1.9009031115714727,0.335
1200,0.4,0.94,0.2,True,0.40000000000000036,1.8700989826306316,0.295
1200,0.4,0.94,0.2,True,0.4000000000000002,1.918498698453393,0.295
1200,0.4,0.94,0.2,True,0.4,1.6683141477289694,0.31
1200,0.4,0.94,0.2,True,0.4000000000000019,1.857279880127614,0.305
1200,0.4,0.94,0.2,True,0.39999999999999925,1.9361661707701079,0.33
1200,0.4,0.94,0.2,True,0.40000000000000047,2.0842211711663126,0.315
1200,0.4,0.94,0.2,True,0.39999999999999925,1.8403482492599783,0.31
1200,0.4,0.94,0.2,True,0.39999999999999786,1.9206692649424073,0.315
1200,0.4,0.94,0.2,True,0.3999999999999989,1.871624827894971,0.315
1200,0.4,0.94,0.2,True,0.3999999999999984,1.91908029074703,0.325
1200,0.4,0.94,0.2,True,0.40000000000000163,1.694502620422864,0.315
1200,0.4,0.94,0.2,True,0.40000000000000246,1.6055642479770145,0.305
1200,0.4,0.94,0.2,True,0.3999999999999998,1.9775543896226273,0.33
1200,0.4,0.94,0.2,True,0.3999999999999998,1.886745382278478,0.3
1200,0.4,0.94,0.2,True,0.3999999999999997,1.8228763602458447,0.295
1200,0.4,0.94,0.2,True,0.4,1.8551903197740784,0.315
1200,0.4,0.94,0.2,True,0.4000000000000007,1.8849991475269499,0.305
1200,0.4,0.94,0.3,True,0.4000000000000001,1.4327576009449565,0.285
1200,0.4,0.94,0.3,True,0.4,1.4396759883372336,0.33
1200,0.4,0.94,0.3,True,0.399999999999999,1.5271485956208548,0.315
1200,0.4,0.94,0.3,True,0.39999999999999986,1.3061590682395086,0.3
1200,0.4,0.94,0.3,True,0.40000000000000036,1.4289115251214928,0.315
1200,0.4,0.94,0.3,True,0.39999999999999836,1.3715331497980152,0.32
1200,0.4,0.94,0.3,True,0.40000000000000235,1.4090903789029294,0.31
1200,0.4,0.94,0.3,True,0.4000000000000015,1.3809039316682932,0.325
1200,0.4,0.94,0.3,True,0.40000000000000047,1.3984569743433615,0.3
1200,0.4,0.94,0.3,True,0.4000000000000005,1.327920397861892,0.31
1200,0.4,0.94,0.3,True,0.39999999999999847,1.4874712081602397,0.325
1200,0.4,0.94,0.3,True,0.4000000000000005,1.390927084827447,0.295
1200,0.4,0.94,0.3,True,0.40000000000000047,1.3842945211633906,0.32
1200,0.4,0.94,0.3,True,0.40000000000000085,1.3915106541228366,0.32
1200,0.4,0.94,0.3,True,0.40000000000000135,1.3690343819332935,0.335
1200,0.4,0.94,0.3,True,0.40000000000000024,1.4532292735590338,0.295
1200,0.4,0.94,0.3,True,0.3999999999999996,1.512813441436999,0.335
1200,0.4,0.94,0.3,True,0.3999999999999996,1.3073780082106992,0.32
1200,0.4,0.94,0.3,True,0.40000000000000036,1.484535423555248,0.315
1200,0.4,0.94,0.3,True,0.40000000000000036,1.4489008502942724,0.295
1200,0.4,0.94,0.3,True,0.39999999999999647,1.515496652355485,0.305
1200,0.4,0.94,0.3,True,0.3999999999999996,1.3803137939262216,0.305
1200,0.4,0.94,0.3,True,0.39999999999999925,1.5057947976987125,0.325
1200,0.4,0.94,0.3,True,0.39999999999999986,1.3820194207031362,0.29
1200,0.4,0.94,0.3,True,0.39999999999999947,1.388984906859621,0.32
800,0.4,0.97,0.1,True,0.3999999999999991,0.09405388498721387,0.285
800,0.4,0.97,0.1,True,0.40000000000000235,0.1572936797121399,0.3
800,0.4,0.97,0.1,True,0.3999999999999989,0.09764261464375583,0.27
800,0.4,0.97,0.1,True,0.39999999999999936,0.09929559965944765,0.295
800,0.4,0.97,0.1,True,0.4000000000000011,0.0920071417640301,0.305
800,0.4,0.97,0.1,True,0.40000000000000036,0.14913132573521057,0.28
800,0.4,0.97,0.1,True,0.3999999999999988,0.05322951923822477,0.3
800,0.4,0.97,0.1,True,0.3999999999999978,0.11548069743184577,0.285
800,0.4,0.97,0.1,True,0.3999999999999997,0.06378164124693365,0.275
800,0.4,0.97,0.1,True,0.4000000000000007,0.08129885358979105,0.325
800,0.4,0.97,0.1,True,0.3999999999999979,0.18368914316080565,0.31
800,0.4,0.97,0.1,True,0.40000000000000036,0.08813265331954148,0.315
800,0.4,0.97,0.1,True,0.3999999999999987,0.1405161791807353,0.315
800,0.4,0.97,0.1,True,0.39999999999999886,0.1760690918354405,0.305
800,0.4,0.97,0.1,True,0.3999999999999994,0.17258660317927496,0.305
800,0.4,0.97,0.1,True,0.4000000000000013,0.07832137915689807,0.3
800,0.4,0.97,0.1,True,0.39999999999999997,0.2210849906080595,0.27
800,0.4,0.97,0.1,True,0.3999999999999999,0.1896267265708225,0.285
800,0.4,0.97,0.1,True,0.3999999999999987,0.12846501822343867,0.295
800,0.4,0.97,0.1,True,0.39999999999999947,0.2670358193435952,0.29
800,0.4,0.97,0.1,True,0.4000000000000016,0.1155456112748276,0.295
800,0.4,0.97,0.1,True,0.4,0.11700096771819692,0.3
800,0.4,0.97,0.1,True,0.4000000000000001,0.12155098331381595,0.315
800,0.4,0.97,0.1,True,0.3999999999999996,0.1454340741957723,0.27
800,0.4,0.97,0.1,True,0.4000000000000008,0.09279290424764078,0.285
800,0.4,0.97,0.2,True,0.400000000000001,1.5518871795961646,0.325
800,0.4,0.97,0.2,True,0.4000000000000007,1.3532923866719744,0.29
800,0.4,0.97,0.2,True,0.40000000000000097,1.1272414541152842,0.29
800,0.4,0.97,0.2,True,0.3999999999999998,1.4763832547542144,0.31
800,0.4,0.97,0.2,True,0.4000000000000008,1.4037596700015527,0.29
800,0.4,0.97,0.2,True,0.3999999999999991,1.5677888254753005,0.28
800,0.4,0.97,0.2,True,0.40000000000000047,1.5069647380318558,0.27
800,0.4,0.97,0.2,True,0.4,1.5769980566140345,0.325
800,0.4,0.97,0.2,True,0.3999999999999997,1.379544888517585,0.29
800,0.4,0.97,0.2,True,0.39999999999999947,1.5510870855274885,0.31
800,0.4,0.97,0.2,True,0.3999999999999996,1.4997487665607976,0.31
800,0.4,0.97,0.2,True,0.4000000000000006,1.4018490034315496,0.295
800,0.4,0.97,0.2,True,0.3999999999999998,1.517007033261505,0.29
800,0.4,0.97,0.2,True,0.4000000000000019,1.5969675677489064,0.28
800,0.4,0.97,0.2,True,0.40000000000000246,1.521559078318727,0.285
800,0.4,0.97,0.2,True,0.3999999999999996,1.401268507018338,0.315
800,0.4,0.97,0.2,True,0.39999999999999997,1.5121580966550088,0.29
800,0.4,0.97,0.2,True,0.3999999999999999,1.4596040136856314,0.305
800,0.4,0.97,0.2,True,0.40000000000000047,1.3637938289164004,0.31
800,0.4,0.97,0.2,True,0.4000000000000011,1.3526240414854178,0.295
800,0.4,0.97,0.2,True,0.3999999999999987,1.4726436298043921,0.265
800,0.4,0.97,0.2,True,0.4000000000000009,1.4304238775906684,0.275
800,0.4,0.97,0.2,True,0.40000000000000047,1.4774438191600212,0.275
800,0.4,0.97,0.2,True,0.3999999999999997,1.3981436337089836,0.33
800,0.4,0.97,0.2,True,0.3999999999999998,1.450946500102976,0.285
800,0.4,0.97,0.3,True,0.40000000000000147,1.3856000250949565,0.275
800,0.4,0.97,0.3,True,0.40000000000000036,1.320057213723474,0.295
800,0.4,0.97,0.3,True,0.40000000000000097,1.0308706044424403,0.31
800,0.4,0.97,0.3,True,0.39999999999999925,1.1082011146257735,0.325
800,0.4,0.97,0.3,True,0.3999999999999999,1.2693675406418783,0.295
800,0.4,0.97,0.3,True,0.39999999999999936,1.078871321897844,0.28
800,0.4,0.97,0.3,True,0.39999999999999947,1.4059452258986769,0.32
800,0.4,0.97,0.3,True,0.39999999999999997,1.2616563255595206,0.3
800,0.4,0.97,0.3,True,0.4,1.1576977898377314,0.275
800,0.4,0.97,0.3,True,0.4000000000000005,1.2896750878649939,0.31
800,0.4,0.97,0.3,True,0.39999999999999997,1.310587151316653,0.305
800,0.4,0.97,0.3,True,0.39999999999999997,1.195422147301742,0.295
800,0.4,0.97,0.3,True,0.3999999999999996,1.3454607729568835,0.31
800,0.4,0.97,0.3,True,0.40000000000000013,1.2165101321484764,0.315
800,0.4,0.97,0.3,True,0.3999999999999996,1.2860442982485607,0.275
800,0.4,0.97,0.3,True,0.4000000000000005,1.0524510586902829,0.295
800,0.4,0.97,0.3,True,0.3999999999999982,1.2670351697704998,0.33
800,0.4,0.97,0.3,True,0.3999999999999992,1.1525981176515427,0.29
800,0.4,0.97,0.3,True,0.39999999999999825,1.2087032560907873,0.3
800,0.4,0.97,0.3,True,0.39999999999999947,1.1858845834346452,0.305
800,0.4,0.97,0.3,True,0.3999999999999997,1.2788833091069811,0.315
800,0.4,0.97,0.3,True,0.4000000000000005,1.202676314350297,0.29
800,0.4,0.97,0.3,True,0.3999999999999985,1.2365049092397726,0.295
800,0.4,0.97,0.3,True,0.39999999999999974,1.2547423365156811,0.28
800,0.4,0.97,0.3,True,0.4,1.0927637055019581,0.305
1000,0.4,0.97,0.1,True,0.3999999999999996,0.22941610056580136,0.305
1000,0.4,0.97,0.1,True,0.39999999999999963,0.16899965355475424,0.295
1000,0.4,0.97,0.1,True,0.3999999999999996,0.24425447288767732,0.305
1000,0.4,0.97,0.1,True,0.3999999999999996,0.23820807580974507,0.305
1000,0.4,0.97,0.1,True,0.4000000000000005,0.20025180857142066,0.315
1000,0.4,0.97,0.1,True,0.4000000000000005,0.2089126081955235,0.31
1000,0.4,0.97,0.1,True,0.3999999999999995,0.4834860869320108,0.3
1000,0.4,0.97,0.1,True,0.39999999999999925,0.1994125780931306,0.295
1000,0.4,0.97,0.1,True,0.40000000000000013,0.36039483571395337,0.335
1000,0.4,0.97,0.1,True,0.3999999999999984,0.1593860136974507,0.33
1000,0.4,0.97,0.1,True,0.4,0.41723349424723355,0.28
1000,0.4,0.97,0.1,True,0.40000000000000135,0.15379551144081627,0.33
1000,0.4,0.97,0.1,True,0.39999999999999963,0.29597304518403883,0.3
1000,0.4,0.97,0.1,True,0.4,0.26749938999375417,0.3
1000,0.4,0.97,0.1,True,0.39999999999999947,0.3169298713141078,0.285
1000,0.4,0.97,0.1,True,0.40000000000000197,0.40228167025995765,0.325
1000,0.4,0.97,0.1,True,0.4000000000000008,0.2709745898915448,0.3
1000,0.4,0.97,0.1,True,0.4000000000000003,0.1564840391918846,0.3
1000,0.4,0.97,0.1,True,0.40000000000000024,0.3557210923395801,0.32
1000,0.4,0.97,0.1,True,0.39999999999999797,0.1041712322981859,0.315
1000,0.4,0.97,0.1,True,0.4000000000000009,0.42522832813605416,0.31
1000,0.4,0.97,0.1,True,0.4000000000000006,0.308108329929826,0.265
1000,0.4,0.97,0.1,True,0.3999999999999997,0.3062775374690059,0.335
1000,0.4,0.97,0.1,True,0.4000000000000002,0.2937877845536293,0.295
1000,0.4,0.97,0.1,True,0.4000000000000009,0.1852808820918725,0.29
1000,0.4,0.97,0.2,True,0.40000000000000036,1.6684131146246166,0.315
1000,0.4,0.97,0.2,True,0.39999999999999836,1.719318092343991,0.335
1000,0.4,0.97,0.2,True,0.4,1.7821154703812314,0.335
1000,0.4,0.97,0.2,True,0.40000000000000036,1.7193612178594067,0.28
1000,0.4,0.97,0.2,True,0.4000000000000009,1.5905126398547447,0.295
1000,0.4,0.97,0.2,True,0.3999999999999999,1.8960719298265227,0.3
1000,0.4,0.97,0.2,True,0.4000000000000021,1.7845630819533769,0.305
1000,0.4,0.97,0.2,True,0.39999999999999897,1.813015445826356,0.28
1000,0.4,0.97,0.2,True,0.3999999999999987,1.7088455221710586,0.28
1000,0.4,0.97,0.2,True,0.3999999999999993,1.8165137367955562,0.3
1000,0.4,0.97,0.2,True,0.40000000000000147,1.6709861129461878,0.315
1000,0.4,0.97,0.2,True,0.4000000000000012,1.7738560386947295,0.32
1000,0.4,0.97,0.2,True,0.400000000000001,1.8048132991819963,0.31
1000,0.4,0.97,0.2,True,0.4000000000000017,1.7341376285866228,0.3
1000,0.4,0.97,0.2,True,0.3999999999999986,1.7520987675775683,0.31
1000,0.4,0.97,0.2,True,0.39999999999999947,1.6536594417828923,0.285
1000,0.4,0.97,0.2,True,0.40000000000000147,1.4698443905896585,0.28
1000,0.4,0.97,0.2,True,0.4000000000000006,1.6700972653168369,0.32
1000,0.4,0.97,0.2,True,0.3999999999999997,1.608064728135456,0.315
1000,0.4,0.97,0.2,True,0.39999999999999925,1.6553020625200154,0.275
1000,0.4,0.97,0.2,True,0.39999999999999936,1.72286131131046,0.31
1000,0.4,0.97,0.2,True,0.39999999999999936,1.6915081176420497,0.29
1000,0.4,0.97,0.2,True,0.40000000000000063,1.8137498584031602,0.325
1000,0.4,0.97,0.2,True,0.4000000000000013,1.7762191301137937,0.315
1000,0.4,0.97,0.2,True,0.4000000000000013,1.4307411450490757,0.315
1000,0.4,0.97,0.3,True,0.4000000000000009,1.3030597062409446,0.31
1000,0.4,0.97,0.3,True,0.39999999999999925,1.2582849844302066,0.32
1000,0.4,0.97,0.3,True,0.39999999999999986,1.3470106798066617,0.315
1000,0.4,0.97,0.3,True,0.3999999999999996,1.3054424351046303,0.29
1000,0.4,0.97,0.3,True,0.3999999999999997,1.337759530941844,0.295
1000,0.4,0.97,0.3,True,0.39999999999999974,1.4082278844290648,0.31
1000,0.4,0.97,0.3,True,0.39999999999999847,1.4345479709587532,0.3
1000,0.4,0.97,0.3,True,0.40000000000000024,1.385688348751098,0.305
1000,0.4,0.97,0.3,True,0.40000000000000135,1.2575987097891606,0.29
1000,0.4,0.97,0.3,True,0.40000000000000085,1.370720478688523,0.325
1000,0.4,0.97,0.3,True,0.39999999999999797,1.3931779258747214,0.31
1000,0.4,0.97,0.3,True,0.3999999999999991,1.1962706681277906,0.3
1000,0.4,0.97,0.3,True,0.39999999999999974,1.452094192164952,0.305
1000,0.4,0.97,0.3,True,0.4000000000000026,1.4178984155474659,0.305
1000,0.4,0.97,0.3,True,0.40000000000000097,1.3680736853218733,0.32
1000,0.4,0.97,0.3,True,0.4,1.4118099784824842,0.295
1000,0.4,0.97,0.3,True,0.4000000000000011,1.402620923319415,0.3
1000,0.4,0.97,0.3,True,0.3999999999999998,1.3791500876842602,0.3
1000,0.4,0.97,0.3,True,0.400000000000001,1.3631561052248304,0.31
1000,0.4,0.97,0.3,True,0.4000000000000012,1.346856105111826,0.3
1000,0.4,0.97,0.3,True,0.39999999999999913,1.3292621394332338,0.32
1000,0.4,0.97,0.3,True,0.3999999999999986,1.286376489981121,0.295
1000,0.4,0.97,0.3,True,0.4000000000000001,1.3791671336220586,0.285
1000,0.4,0.97,0.3,True,0.39999999999999925,1.3810616183909206,0.31
1000,0.4,0.97,0.3,True,0.40000000000000047,1.3383933334580145,0.295
1200,0.4,0.97,0.1,True,0.3999999999999998,0.45504293625109027,0.305
1200,0.4,0.97,0.1,True,0.3999999999999995,0.28524015916407797,0.325
1200,0.4,0.97,0.1,True,0.4000000000000007,0.42621830579799785,0.3
1200,0.4,0.97,0.1,True,0.3999999999999992,0.5393899993364094,0.29
1200,0.4,0.97,0.1,True,0.39999999999999986,0.3168370915931715,0.31
1200,0.4,0.97,0.1,True,0.3999999999999994,0.5027910277920682,0.3
1200,0.4,0.97,0.1,True,0.3999999999999988,0.4188447974503638,0.325
1200,0.4,0.97,0.1,True,0.3999999999999998,0.2988725557981249,0.325
1200,0.4,0.97,0.1,True,0.4,0.7600384457350767,0.315
1200,0.4,0.97,0.1,True,0.39999999999999963,0.43699187813428153,0.33
1200,0.4,0.97,0.1,True,0.40000000000000124,0.4855044677895461,0.33
1200,0.4,0.97,0.1,True,0.3999999999999998,0.8018410754472816,0.325
1200,0.4,0.97,0.1,True,0.3999999999999985,0.39413198783278214,0.31
1200,0.4,0.97,0.1,True,0.39999999999999986,0.5566084911087195,0.325
1200,0.4,0.97,0.1,True,0.40000000000000097,0.7317188852543356,0.34
1200,0.4,0.97,0.1,True,0.39999999999999963,0.24863098577993314,0.31
1200,0.4,0.97,0.1,True,0.3999999999999988,0.4455907197880029,0.335
1200,0.4,0.97,0.1,True,0.3999999999999997,0.2600454742598992,0.325
1200,0.4,0.97,0.1,True,0.40000000000000013,0.2780591250402818,0.285
1200,0.4,0.97,0.1,True,0.3999999999999996,0.5237309967752303,0.305
1200,0.4,0.97,0.1,True,0.40000000000000063,0.5838318531455329,0.32
1200,0.4,0.97,0.1,True,0.3999999999999998,0.1765860415128505,0.33
1200,0.4,0.97,0.1,True,0.400000000000001,0.35917051812425915,0.325
1200,0.4,0.97,0.1,True,0.3999999999999996,0.7199980125924126,0.3
1200,0.4,0.97,0.1,True,0.3999999999999994,0.3464863992061532,0.305
1200,0.4,0.97,0.2,True,0.4000000000000007,1.7498026408764722,0.31
1200,0.4,0.97,0.2,True,0.3999999999999994,2.10744534589568,0.32
1200,0.4,0.97,0.2,True,0.40000000000000085,1.816434230257909,0.3
1200,0.4,0.97,0.2,True,0.40000000000000097,2.034204942985896,0.305
1200,0.4,0.97,0.2,True,0.4,2.072532606355936,0.295
1200,0.4,0.97,0.2,True,0.39999999999999936,1.882942773070996,0.33
1200,0.4,0.97,0.2,True,0.3999999999999986,1.8327492196656294,0.32
1200,0.4,0.97,0.2,True,0.4,1.947762094045358,0.305
1200,0.4,0.97,0.2,True,0.4000000000000012,1.7179348625847197,0.33
1200,0.4,0.97,0.2,True,0.40000000000000113,1.862262071652887,0.33
1200,0.4,0.97,0.2,True,0.400000000000002,1.678179969208183,0.295
1200,0.4,0.97,0.2,True,0.4000000000000003,2.1053949799890725,0.29
1200,0.4,0.97,0.2,True,0.39999999999999936,1.9720906065792012,0.295
1200,0.4,0.97,0.2,True,0.3999999999999998,1.7031728700227542,0.305
1200,0.4,0.97,0.2,True,0.3999999999999999,1.9733880587313524,0.3
1200,0.4,0.97,0.2,True,0.4000000000000004,1.9761281893589038,0.315
1200,0.4,0.97,0.2,True,0.39999999999999863,1.8340141213748729,0.315
1200,0.4,0.97,0.2,True,0.4,2.09805207771147,0.315
1200,0.4,0.97,0.2,True,0.400000000000001,2.071978118798312,0.31
1200,0.4,0.97,0.2,True,0.39999999999999963,1.9466563489332676,0.325
1200,0.4,0.97,0.2,True,0.3999999999999989,1.7399398796018386,0.315
1200,0.4,0.97,0.2,True,0.4000000000000007,1.9016745333487506,0.32
1200,0.4,0.97,0.2,True,0.39999999999999875,1.9529292218320746,0.305
1200,0.4,0.97,0.2,True,0.40000000000000163,1.720485168398349,0.305
1200,0.4,0.97,0.2,True,0.3999999999999996,1.8545642701391742,0.325
1200,0.4,0.97,0.3,True,0.4000000000000004,1.507727908436583,0.3
1200,0.4,0.97,0.3,True,0.40000000000000047,1.362001034934145,0.295
1200,0.4,0.97,0.3,True,0.3999999999999999,1.5456094478352693,0.33
1200,0.4,0.97,0.3,True,0.40000000000000113,1.452171869757065,0.33
1200,0.4,0.97,0.3,True,0.3999999999999988,1.4755481547553977,0.295
1200,0.4,0.97,0.3,True,0.4000000000000026,1.4625751968723346,0.33
1200,0.4,0.97,0.3,True,0.39999999999999913,1.5134971303559244,0.31
1200,0.4,0.97,0.3,True,0.400000000000001,1.476350412387013,0.335
1200,0.4,0.97,0.3,True,0.40000000000000135,1.478869968774489,0.325
1200,0.4,0.97,0.3,True,0.4000000000000008,1.4289670152981926,0.3
1200,0.4,0.97,0.3,True,0.3999999999999998,1.4015890887178764,0.29
1200,0.4,0.97,0.3,True,0.40000000000000013,1.435571842085654,0.315
1200,0.4,0.97,0.3,True,0.4000000000000033,1.5334574867456814,0.3
1200,0.4,0.97,0.3,True,0.3999999999999994,1.4696949655493443,0.315
1200,0.4,0.97,0.3,True,0.3999999999999999,1.4452458995708317,0.315
1200,0.4,0.97,0.3,True,0.3999999999999997,1.4178776963855184,0.325
1200,0.4,0.97,0.3,True,0.40000000000000124,1.4698712659091033,0.315
1200,0.4,0.97,0.3,True,0.3999999999999991,1.313952585659989,0.325
1200,0.4,0.97,0.3,True,0.4,1.3799960916429461,0.305
1200,0.4,0.97,0.3,True,0.3999999999999991,1.488927869520919,0.305
1200,0.4,0.97,0.3,True,0.40000000000000047,1.5543522639920053,0.305
1200,0.4,0.97,0.3,True,0.4000000000000007,1.6518649363777982,0.305
1200,0.4,0.97,0.3,True,0.40000000000000013,1.4801872037445527,0.31
1200,0.4,0.97,0.3,True,0.3999999999999997,1.414533269907846,0.325
1200,0.4,0.97,0.3,True,0.39999999999999974,1.4998764616656843,0.29
800,0.4,1.0,0.1,True,0.40000000000000113,0.10501926010072905,0.3
800,0.4,1.0,0.1,True,0.4000000000000007,0.11019912582606683,0.285
800,0.4,1.0,0.1,True,0.3999999999999996,0.06431295562559695,0.29
800,0.4,1.0,0.1,True,0.4000000000000013,0.14814862492959263,0.29
800,0.4,1.0,0.1,True,0.399999999999999,0.1781965164123912,0.31
800,0.4,1.0,0.1,True,0.3999999999999999,0.10946388705884405,0.28
800,0.4,1.0,0.1,True,0.3999999999999999,0.09389754204393169,0.28
800,0.4,1.0,0.1,True,0.40000000000000063,0.18764644078448317,0.29
800,0.4,1.0,0.1,True,0.4000000000000016,0.13659009676232745,0.285
800,0.4,1.0,0.1,True,0.40000000000000036,0.06699184087261381,0.305
800,0.4,1.0,0.1,True,0.3999999999999993,0.07973984840451027,0.325
800,0.4,1.0,0.1,True,0.4000000000000009,0.10508093079157547,0.295
800,0.4,1.0,0.1,True,0.4000000000000014,0.08658039562872728,0.325
800,0.4,1.0,0.1,True,0.3999999999999991,0.10600778190455838,0.295
800,0.4,1.0,0.1,True,0.399999999999999,0.07262221962810585,0.285
800,0.4,1.0,0.1,True,0.4000000000000004,0.14527888304662728,0.3
800,0.4,1.0,0.1,True,0.40000000000000013,0.10258871998440053,0.305
800,0.4,1.0,0.1,True,0.3999999999999987,0.3059805579697026,0.28
800,0.4,1.0,0.1,True,0.40000000000000174,0.09204462778039711,0.29
800,0.4,1.0,0.1,True,0.399999999999998,0.11500171693435621,0.315
800,0.4,1.0,0.1,True,0.39999999999999913,0.07089631407371752,0.295
800,0.4,1.0,0.1,True,0.39999999999999986,0.15375263845058065,0.3
800,0.4,1.0,0.1,True,0.40000000000000047,0.10271924680551515,0.305
800,0.4,1.0,0.1,True,0.3999999999999996,0.11144645670622425,0.295
800,0.4,1.0,0.1,True,0.4,0.1491143580721886,0.29
800,0.4,1.0,0.2,True,0.3999999999999986,1.448429130830431,0.3
800,0.4,1.0,0.2,True,0.3999999999999997,1.5158592869296108,0.27
800,0.4,1.0,0.2,True,0.39999999999999913,1.4294958810978524,0.31
800,0.4,1.0,0.2,True,0.39999999999999863,1.636424716205007,0.275
800,0.4,1.0,0.2,True,0.3999999999999984,1.4204992245363333,0.3
800,0.4,1.0,0.2,True,0.4000000000000003,1.4595816901779581,0.27
800,0.4,1.0,0.2,True,0.4000000000000004,1.5279652408993072,0.315
800,0.4,1.0,0.2,True,0.4000000000000001,1.6636601430465152,0.285
800,0.4,1.0,0.2,True,0.40000000000000085,1.3875453775773468,0.32
800,0.4,1.0,0.2,True,0.4000000000000005,1.355896725960041,0.3
800,0.4,1.0,0.2,True,0.4000000000000008,1.6000005885074478,0.31
800,0.4,1.0,0.2,True,0.4000000000000008,1.596821158862868,0.305
800,0.4,1.0,0.2,True,0.3999999999999993,1.5649117433535387,0.29
800,0.4,1.0,0.2,True,0.4000000000000009,1.7015238845519085,0.285
800,0.4,1.0,0.2,True,0.40000000000000063,1.4661861970067878,0.29
800,0.4,1.0,0.2,True,0.3999999999999999,1.4500680240904016,0.315
800,0.4,1.0,0.2,True,0.400000000000001,1.5018103495486481,0.29
800,0.4,1.0,0.2,True,0.4000000000000001,1.6427124007096943,0.29
800,0.4,1.0,0.2,True,0.39999999999999913,1.5987533784311956,0.315
800,0.4,1.0,0.2,True,0.3999999999999999,1.3672600540868436,0.29
800,0.4,1.0,0.2,True,0.400000000000001,1.570562210747135,0.29
800,0.4,1.0,0.2,True,0.4000000000000016,1.5582369239942588,0.315
800,0.4,1.0,0.2,True,0.40000000000000036,1.659201772158529,0.275
800,0.4,1.0,0.2,True,0.40000000000000013,1.4696003408641545,0.315
800,0.4,1.0,0.2,True,0.3999999999999996,1.4234556393212912,0.29
800,0.4,1.0,0.3,True,0.3999999999999996,1.223581318154995,0.3
800,0.4,1.0,0.3,True,0.4000000000000002,1.4067047385364968,0.305
800,0.4,1.0,0.3,True,0.40000000000000013,1.2621602565103327,0.295
800,0.4,1.0,0.3,True,0.4000000000000002,1.2944255583792212,0.33
800,0.4,1.0,0.3,True,0.39999999999999863,1.0961678534968258,0.28
800,0.4,1.0,0.3,True,0.3999999999999995,1.2819892982931642,0.295
800,0.4,1.0,0.3,True,0.40000000000000124,1.3332016607129282,0.29
800,0.4,1.0,0.3,True,0.39999999999999886,1.2118490128952426,0.29
800,0.4,1.0,0.3,True,0.3999999999999999,1.2351059840184677,0.295
800,0.4,1.0,0.3,True,0.399999999999998,1.1416784398763986,0.315
800,0.4,1.0,0.3,True,0.3999999999999989,1.2042863371840467,0.28
800,0.4,1.0,0.3,True,0.39999999999999925,1.3195512518730699,0.31
800,0.4,1.0,0.3,True,0.39999999999999936,1.3489448888402928,0.285
800,0.4,1.0,0.3,True,0.39999999999999925,1.1933683088754834,0.3
800,0.4,1.0,0.3,True,0.3999999999999978,1.2187488471048846,0.3
800,0.4,1.0,0.3,True,0.39999999999999936,1.3170661933255254,0.285
800,0.4,1.0,0.3,True,0.3999999999999986,1.228645907527782,0.305
800,0.4,1.0,0.3,True,0.3999999999999998,1.2161691245240154,0.29
800,0.4,1.0,0.3,True,0.39999999999999997,1.3122326222605085,0.3
800,0.4,1.0,0.3,True,0.39999999999999963,1.2771665601311968,0.315
800,0.4,1.0,0.3,True,0.400000000000001,1.3030020886527172,0.295
800,0.4,1.0,0.3,True,0.39999999999999913,1.266245739395076,0.285
800,0.4,1.0,0.3,True,0.40000000000000097,1.1165159972118963,0.29
800,0.4,1.0,0.3,True,0.4000000000000016,1.3520391554722049,0.305
800,0.4,1.0,0.3,True,0.4000000000000009,1.1865636087307148,0.295
1000,0.4,1.0,0.1,True,0.3999999999999991,0.28923917451483694,0.305
1000,0.4,1.0,0.1,True,0.3999999999999999,0.35200929171915707,0.3
1000,0.4,1.0,0.1,True,0.39999999999999963,0.33561107989325567,0.305
1000,0.4,1.0,0.1,True,0.3999999999999988,0.33849415220983925,0.305
1000,0.4,1.0,0.1,True,0.4000000000000035,0.21822719822304829,0.32
1000,0.4,1.0,0.1,True,0.3999999999999979,0.31989472190488405,0.29
1000,0.4,1.0,0.1,True,0.40000000000000135,0.439409235001726,0.325
1000,0.4,1.0,0.1,True,0.40000000000000063,0.1751110192514344,0.3
1000,0.4,1.0,0.1,True,0.40000000000000036,0.4013854880361495,0.31
1000,0.4,1.0,0.1,True,0.3999999999999995,0.30123224733303056,0.305
1000,0.4,1.0,0.1,True,0.3999999999999996,0.11514199569029399,0.305
1000,0.4,1.0,0.1,True,0.4000000000000015,0.1658156028609251,0.275
1000,0.4,1.0,0.1,True,0.39999999999999986,0.18902404401672684,0.32
1000,0.4,1.0,0.1,True,0.39999999999999986,0.2070039264796801,0.295
1000,0.4,1.0,0.1,True,0.3999999999999997,0.3462061890620991,0.295
1000,0.4,1.0,0.1,True,0.3999999999999987,0.15471281520176328,0.32
1000,0.4,1.0,0.1,True,0.39999999999999936,0.15735041626798243,0.295
1000,0.4,1.0,0.1,True,0.3999999999999995,0.27096107626934757,0.32
1000,0.4,1.0,0.1,True,0.400000000000002,0.19680942869590015,0.315
1000,0.4,1.0,0.1,True,0.40000000000000036,0.4252770998837767,0.315
1000,0.4,1.0,0.1,True,0.39999999999999947,0.4421582451529737,0.295
1000,0.4,1.0,0.1,True,0.3999999999999996,0.4616735350306236,0.315
1000,0.4,1.0,0.1,True,0.3999999999999996,0.14182140618454742,0.32
1000,0.4,1.0,0.1,True,0.39999999999999947,0.6074113538890443,0.305
1000,0.4,1.0,0.1,True,0.4000000000000005,0.2948002743861596,0.315
1000,0.4,1.0,0.2,True,0.40000000000000097,1.903407782026531,0.325
1000,0.4,1.0,0.2,True,0.39999999999999913,1.7755868225503455,0.31
1000,0.4,1.0,0.2,True,0.3999999999999998,1.8628990199966355,0.275
1000,0.4,1.0,0.2,True,0.4000000000000018,1.625740175503347,0.3
1000,0.4,1.0,0.2,True,0.39999999999999947,1.7481681932018045,0.295
1000,0.4,1.0,0.2,True,0.39999999999999925,1.7197162542097364,0.33
1000,0.4,1.0,0.2,True,0.3999999999999998,1.8266175988933153,0.29
1000,0.4,1.0,0.2,True,0.3999999999999995,1.6071843534908021,0.305
1000,0.4,1.0,0.2,True,0.4000000000000021,1.6241711319355796,0.3
1000,0.4,1.0,0.2,True,0.40000000000000074,1.926037091249881,0.295
1000,0.4,1.0,0.2,True,0.40000000000000147,1.9483375397352707,0.305
1000,0.4,1.0,0.2,True,0.4000000000000022,1.7406560519321044,0.29
1000,0.4,1.0,0.2,True,0.3999999999999997,1.798409997979109,0.335
1000,0.4,1.0,0.2,True,0.39999999999999925,1.5071023621320263,0.305
1000,0.4,1.0,0.2,True,0.4,1.8753882402354836,0.3
1000,0.4,1.0,0.2,True,0.3999999999999989,1.6928508577686976,0.275
1000,0.4,1.0,0.2,True,0.39999999999999963,1.8588050548102624,0.295
1000,0.4,1.0,0.2,True,0.399999999999999,1.7358198385582972,0.32
1000,0.4,1.0,0.2,True,0.39999999999999786,1.8705147449645732,0.305
1000,0.4,1.0,0.2,True,0.40000000000000296,1.723119849101108,0.295
1000,0.4,1.0,0.2,True,0.39999999999999986,1.7362551279505065,0.315
1000,0.4,1.0,0.2,True,0.40000000000000024,1.7535801596226992,0.285
1000,0.4,1.0,0.2,True,0.4000000000000009,1.6013118781700526,0.295
1000,0.4,1.0,0.2,True,0.4000000000000009,1.862389735121845,0.33
1000,0.4,1.0,0.2,True,0.40000000000000013,1.79545668701284,0.305
1000,0.4,1.0,0.3,True,0.4000000000000002,1.2465232101640134,0.31
1000,0.4,1.0,0.3,True,0.3999999999999994,1.384284866368115,0.32
1000,0.4,1.0,0.3,True,0.39999999999999947,1.386082360484906,0.31
1000,0.4,1.0,0.3,True,0.39999999999999863,1.2984120953019929,0.3
1000,0.4,1.0,0.3,True,0.39999999999999936,1.4565199439164838,0.31
1000,0.4,1.0,0.3,True,0.3999999999999997,1.3357895842481449,0.295
1000,0.4,1.0,0.3,True,0.4000000000000009,1.3119378447347847,0.31
1000,0.4,1.0,0.3,True,0.39999999999999974,1.3242913214144882,0.29
1000,0.4,1.0,0.3,True,0.4000000000000006,1.4565269375043077,0.285
1000,0.4,1.0,0.3,True,0.4000000000000007,1.4525180010647574,0.32
1000,0.4,1.0,0.3,True,0.4000000000000003,1.3366926437562063,0.305
1000,0.4,1.0,0.3,True,0.40000000000000097,1.3508149661463655,0.32
1000,0.4,1.0,0.3,True,0.3999999999999994,1.4562304326931348,0.3
1000,0.4,1.0,0.3,True,0.3999999999999995,1.348294791727459,0.335
1000,0.4,1.0,0.3,True,0.3999999999999986,1.4437286808629706,0.315
1000,0.4,1.0,0.3,True,0.4000000000000007,1.417248491012639,0.31
1000,0.4,1.0,0.3,True,0.39999999999999997,1.3982319540221815,0.3
1000,0.4,1.0,0.3,True,0.4000000000000007,1.3715617869246595,0.3
1000,0.4,1.0,0.3,True,0.3999999999999983,1.4924037429914059,0.325
1000,0.4,1.0,0.3,True,0.3999999999999999,1.3691208200723395,0.32
1000,0.4,1.0,0.3,True,0.40000000000000147,1.3675965153802856,0.315
1000,0.4,1.0,0.3,True,0.39999999999999963,1.2857485034449614,0.295
1000,0.4,1.0,0.3,True,0.3999999999999994,1.2943414298333478,0.305
1000,0.4,1.0,0.3,True,0.4000000000000009,1.2981188495617557,0.295
1000,0.4,1.0,0.3,True,0.3999999999999995,1.4090374214861923,0.315
1200,0.4,1.0,0.1,True,0.39999999999999963,0.8298645428324524,0.3
1200,0.4,1.0,0.1,True,0.4000000000000005,0.36634059021511534,0.32
1200,0.4,1.0,0.1,True,0.39999999999999747,0.46600559749726367,0.315
1200,0.4,1.0,0.1,True,0.39999999999999836,0.5209740530628275,0.3
1200,0.4,1.0,0.1,True,0.39999999999999936,1.0021179012888735,0.3
1200,0.4,1.0,0.1,True,0.39999999999999936,0.5403073724575995,0.315
1200,0.4,1.0,0.1,True,0.40000000000000013,0.33993652727397516,0.285
1200,0.4,1.0,0.1,True,0.3999999999999999,0.6167129857578288,0.33
1200,0.4,1.0,0.1,True,0.39999999999999897,0.7433415446222078,0.3
1200,0.4,1.0,0.1,True,0.40000000000000024,0.3353210080575737,0.315
1200,0.4,1.0,0.1,True,0.4000000000000017,0.551483707237744,0.315
1200,0.4,1.0,0.1,True,0.4000000000000026,0.6762398333403038,0.33
1200,0.4,1.0,0.1,True,0.39999999999999974,0.5127377031504726,0.3
1200,0.4,1.0,0.1,True,0.39999999999999947,0.3818666152218023,0.295
1200,0.4,1.0,0.1,True,0.40000000000000147,0.5075341315980096,0.29
1200,0.4,1.0,0.1,True,0.39999999999999936,0.9084438312778133,0.325
1200,0.4,1.0,0.1,True,0.4000000000000002,1.0153916448321245,0.305
1200,0.4,1.0,0.1,True,0.4000000000000008,0.4946826700052988,0.3
1200,0.4,1.0,0.1,True,0.4000000000000007,0.4740135853686388,0.29
1200,0.4,1.0,0.1,True,0.3999999999999988,0.73860594475216,0.32
1200,0.4,1.0,0.1,True,0.40000000000000246,0.4427392854102952,0.33
1200,0.4,1.0,0.1,True,0.40000000000000063,0.8002224429533696,0.31
1200,0.4,1.0,0.1,True,0.3999999999999994,0.4278812337065435,0.295
1200,0.4,1.0,0.1,True,0.3999999999999989,0.4809346539289792,0.29
1200,0.4,1.0,0.1,True,0.40000000000000024,0.6839602185433995,0.31
1200,0.4,1.0,0.2,True,0.40000000000000013,1.927372416398253,0.31
1200,0.4,1.0,0.2,True,0.4000000000000005,2.1332269489743134,0.3
1200,0.4,1.0,0.2,True,0.39999999999999675,1.8633409359306845,0.32
1200,0.4,1.0,0.2,True,0.39999999999999836,2.0783960307655818,0.3
1200,0.4,1.0,0.2,True,0.40000000000000113,2.370894718710172,0.34
1200,0.4,1.0,0.2,True,0.3999999999999987,1.9170674188527816,0.325
1200,0.4,1.0,0.2,True,0.40000000000000013,1.9638767607343834,0.3
1200,0.4,1.0,0.2,True,0.39999999999999947,1.9992152837835362,0.325
1200,0.4,1.0,0.2,True,0.40000000000000013,2.161686895436938,0.31
1200,0.4,1.0,0.2,True,0.4,1.9256863185563002,0.34
1200,0.4,1.0,0.2,True,0.3999999999999993,2.113163969384554,0.305
1200,0.4,1.0,0.2,True,0.4000000000000023,1.96304189099172,0.315
1200,0.4,1.0,0.2,True,0.4000000000000002,2.1037918067745798,0.335
1200,0.4,1.0,0.2,True,0.3999999999999987,2.069982349757863,0.31
1200,0.4,1.0,0.2,True,0.4000000000000007,1.9912794880793627,0.31
1200,0.4,1.0,0.2,True,0.4,2.1169684674866556,0.31
1200,0.4,1.0,0.2,True,0.4000000000000017,2.01928440327595,0.32
1200,0.4,1.0,0.2,True,0.3999999999999999,2.266952501830654,0.305
1200,0.4,1.0,0.2,True,0.4000000000000008,2.133541530435299,0.33
1200,0.4,1.0,0.2,True,0.3999999999999996,2.1869574301852017,0.3
1200,0.4,1.0,0.2,True,0.40000000000000024,2.118925517116627,0.305
1200,0.4,1.0,0.2,True,0.3999999999999996,1.8100468513246346,0.31
1200,0.4,1.0,0.2,True,0.3999999999999988,2.062166289417254,0.305
1200,0.4,1.0,0.2,True,0.39999999999999825,1.995381585623629,0.33
1200,0.4,1.0,0.2,True,0.3999999999999978,1.9993160280753428,0.305
1200,0.4,1.0,0.3,True,0.39999999999999913,1.4500372120572338,0.305
1200,0.4,1.0,0.3,True,0.40000000000000036,1.4444508264750433,0.295
1200,0.4,1.0,0.3,True,0.4000000000000005,1.4174985003075213,0.32
1200,0.4,1.0,0.3,True,0.3999999999999993,1.5038580007366087,0.29
1200,0.4,1.0,0.3,True,0.40000000000000047,1.518843884997807,0.29
1200,0.4,1.0,0.3,True,0.40000000000000135,1.4192066872386708,0.33
1200,0.4,1.0,0.3,True,0.4000000000000001,1.3772504230752256,0.315
1200,0.4,1.0,0.3,True,0.4000000000000004,1.454547925456954,0.325
1200,0.4,1.0,0.3,True,0.39999999999999986,1.5469759289467315,0.295
1200,0.4,1.0,0.3,True,0.39999999999999813,1.4402634841738673,0.285
1200,0.4,1.0,0.3,True,0.40000000000000113,1.5562698547674574,0.305
1200,0.4,1.0,0.3,True,0.39999999999999947,1.4887341565165286,0.3
1200,0.4,1.0,0.3,True,0.4000000000000015,1.6014751694441394,0.315
1200,0.4,1.0,0.3,True,0.40000000000000124,1.607387447081245,0.325
1200,0.4,1.0,0.3,True,0.4000000000000005,1.5095153933900352,0.305
1200,0.4,1.0,0.3,True,0.4000000000000007,1.5383533479398137,0.315
1200,0.4,1.0,0.3,True,0.3999999999999996,1.6144070858438273,0.305
1200,0.4,1.0,0.3,True,0.40000000000000024,1.3763053010786277,0.315
1200,0.4,1.0,0.3,True,0.4000000000000009,1.4981037935602282,0.31
1200,0.4,1.0,0.3,True,0.40000000000000036,1.4017799338931578,0.31
1200,0.4,1.0,0.3,True,0.39999999999999825,1.5056472880417613,0.31
1200,0.4,1.0,0.3,True,0.4000000000000004,1.5724885976959784,0.295
1200,0.4,1.0,0.3,True,0.4000000000000003,1.632112838441728,0.33
1200,0.4,1.0,0.3,True,0.3999999999999997,1.5541870166234373,0.31
1200,0.4,1.0,0.3,True,0.400000000000001,1.505918825919874,0.31
800,0.6,0.94,0.1,True,0.599999999999998,0.20913107465780775,0.295
800,0.6,0.94,0.1,True,0.6000000000000023,0.14544535521261667,0.27
800,0.6,0.94,0.1,True,0.6000000000000013,0.2680383542319995,0.295
800,0.6,0.94,0.1,True,0.5999999999999994,0.1492001410906641,0.265
800,0.6,0.94,0.1,True,0.600000000000002,0.17325671337340987,0.295
800,0.6,0.94,0.1,True,0.6000000000000001,0.26375579114616554,0.285
800,0.6,0.94,0.1,True,0.6000000000000019,0.09637019392514833,0.265
800,0.6,0.94,0.1,True,0.5999999999999988,0.48825896856430423,0.26
800,0.6,0.94,0.1,True,0.5999999999999994,0.26860322550162163,0.285
800,0.6,0.94,0.1,True,0.5999999999999979,0.08756054766092969,0.27
800,0.6,0.94,0.1,True,0.5999999999999996,0.22871369576046577,0.29
800,0.6,0.94,0.1,True,0.6000000000000016,0.14847350419833602,0.275
800,0.6,0.94,0.1,True,0.6000000000000019,0.10822162185400692,0.3
800,0.6,0.94,0.1,True,0.6000000000000008,0.18703321987237542,0.295
800,0.6,0.94,0.1,True,0.6000000000000002,0.2333306261137872,0.285
800,0.6,0.94,0.1,True,0.5999999999999994,0.6304379901251822,0.29
800,0.6,0.94,0.1,True,0.6000000000000021,0.133273908593268,0.29
800,0.6,0.94,0.1,True,0.5999999999999986,0.12513646132352457,0.315
800,0.6,0.94,0.1,True,0.6000000000000014,0.16962729401872767,0.3
800,0.6,0.94,0.1,True,0.5999999999999989,0.17254947046041047,0.31
800,0.6,0.94,0.1,True,0.5999999999999984,0.20266812346863838,0.29
800,0.6,0.94,0.1,True,0.5999999999999998,0.19262379761177623,0.29
800,0.6,0.94,0.1,True,0.6000000000000002,0.10699534477612846,0.29
800,0.6,0.94,0.1,True,0.6000000000000018,0.6989847133152797,0.27
800,0.6,0.94,0.1,True,0.600000000000003,0.19365179878104974,0.28
800,0.6,0.94,0.2,True,0.5999999999999988,1.5940790748751987,0.275
800,0.6,0.94,0.2,True,0.5999999999999996,1.5165195213922704,0.315
800,0.6,0.94,0.2,True,0.6000000000000016,1.5494821081430785,0.285
800,0.6,0.94,0.2,True,0.6000000000000022,1.654051868182119,0.285
800,0.6,0.94,0.2,True,0.5999999999999985,1.5646664261975425,0.275
800,0.6,0.94,0.2,True,0.5999999999999995,1.7412566600215102,0.295
800,0.6,0.94,0.2,True,0.5999999999999999,1.8012084551009444,0.305
800,0.6,0.94,0.2,True,0.6000000000000001,1.4112251807591814,0.275
800,0.6,0.94,0.2,True,0.6,1.6257786074922072,0.305
800,0.6,0.94,0.2,True,0.6000000000000014,1.6715251251133445,0.28
800,0.6,0.94,0.2,True,0.5999999999999996,1.6842410139571797,0.29
800,0.6,0.94,0.2,True,0.6000000000000005,1.571557220748589,0.28
800,0.6,0.94,0.2,True,0.6000000000000013,1.704668337613609,0.295
800,0.6,0.94,0.2,True,0.6000000000000003,1.4858294982541727,0.31
800,0.6,0.94,0.2,True,0.6000000000000003,1.4383439097968989,0.3
800,0.6,0.94,0.2,True,0.5999999999999985,1.861493404763083,0.3
800,0.6,0.94,0.2,True,0.5999999999999992,1.463814929845701,0.285
800,0.6,0.94,0.2,True,0.5999999999999981,1.5655269993290868,0.27
800,0.6,0.94,0.2,True,0.5999999999999996,1.6184842045022236,0.3
800,0.6,0.94,0.2,True,0.6000000000000025,1.418302859666778,0.29
800,0.6,0.94,0.2,True,0.6000000000000001,1.6342025465200587,0.315
800,0.6,0.94,0.2,True,0.6000000000000012,1.5463518440733142,0.285
800,0.6,0.94,0.2,True,0.5999999999999989,1.5958122224164537,0.315
800,0.6,0.94,0.2,True,0.5999999999999996,1.611696507266001,0.3
800,0.6,0.94,0.2,True,0.6000000000000003,1.712888598470796,0.26
800,0.6,0.94,0.3,True,0.5999999999999998,1.361757547209605,0.31
800,0.6,0.94,0.3,True,0.5999999999999973,1.1173171578382097,0.29
800,0.6,0.94,0.3,True,0.5999999999999981,1.2752642404373362,0.315
800,0.6,0.94,0.3,True,0.6000000000000009,1.1176581253724174,0.305
800,0.6,0.94,0.3,True,0.5999999999999966,1.2239043631619002,0.315
800,0.6,0.94,0.3,True,0.6000000000000005,1.2551961551607929,0.315
800,0.6,0.94,0.3,True,0.5999999999999976,1.1906765710357312,0.32
800,0.6,0.94,0.3,True,0.5999999999999994,1.288815848698193,0.295
800,0.6,0.94,0.3,True,0.599999999999999,1.1414069611377011,0.305
800,0.6,0.94,0.3,True,0.6000000000000003,1.2841250699180522,0.27
800,0.6,0.94,0.3,True,0.6000000000000015,1.1225980809543405,0.295
800,0.6,0.94,0.3,True,0.5999999999999995,1.195451032267345,0.295
800,0.6,0.94,0.3,True,0.5999999999999983,1.3855940648898115,0.28
800,0.6,0.94,0.3,True,0.6000000000000001,1.2588262786986975,0.315
800,0.6,0.94,0.3,True,0.6000000000000003,1.1820288654493305,0.285
800,0.6,0.94,0.3,True,0.5999999999999985,1.1381241585149724,0.33
800,0.6,0.94,0.3,True,0.6000000000000025,1.4535793830322237,0.29
800,0.6,0.94,0.3,True,0.599999999999997,1.2275524981312393,0.27
800,0.6,0.94,0.3,True,0.5999999999999983,1.2855584772677373,0.315
800,0.6,0.94,0.3,True,0.599999999999997,1.2730635796068301,0.285
800,0.6,0.94,0.3,True,0.6000000000000013,1.2635063382629124,0.305
800,0.6,0.94,0.3,True,0.5999999999999978,1.1543785404717317,0.27
800,0.6,0.94,0.3,True,0.599999999999999,1.30527026309015,0.295
800,0.6,0.94,0.3,True,0.6000000000000035,1.0565170209323824,0.335
800,0.6,0.94,0.3,True,0.5999999999999975,1.129278967380372,0.325
1000,0.6,0.94,0.1,True,0.6000000000000004,0.44500564902133616,0.31
1000,0.6,0.94,0.1,True,0.6000000000000019,0.49882575793500544,0.28
1000,0.6,0.94,0.1,True,0.5999999999999983,0.49831245463204504,0.305
1000,0.6,0.94,0.1,True,0.6000000000000021,0.39150304046317597,0.305
1000,0.6,0.94,0.1,True,0.5999999999999985,0.20476299255471897,0.275
1000,0.6,0.94,0.1,True,0.6000000000000003,1.0021546172927889,0.3
1000,0.6,0.94,0.1,True,0.6000000000000021,0.2702844709368617,0.31
1000,0.6,0.94,0.1,True,0.6000000000000009,0.5413512434691751,0.3
1000,0.6,0.94,0.1,True,0.600000000000004,0.5406691716252517,0.295
1000,0.6,0.94,0.1,True,0.5999999999999996,0.5535697978885041,0.295
1000,0.6,0.94,0.1,True,0.5999999999999996,0.8061281741776618,0.295
1000,0.6,0.94,0.1,True,0.6000000000000018,0.5128527705482053,0.3
1000,0.6,0.94,0.1,True,0.5999999999999995,0.8749844876221788,0.31
1000,0.6,0.94,0.1,True,0.5999999999999995,0.4014144569446322,0.295
1000,0.6,0.94,0.1,True,0.5999999999999958,0.5376079850039293,0.31
1000,0.6,0.94,0.1,True,0.6000000000000013,0.3777592547007832,0.315
1000,0.6,0.94,0.1,True,0.6000000000000001,0.1379505700493892,0.295
1000,0.6,0.94,0.1,True,0.5999999999999976,0.4671048204707796,0.295
1000,0.6,0.94,0.1,True,0.6000000000000005,0.445311485533719,0.295
1000,0.6,0.94,0.1,True,0.6000000000000038,0.30744994426113126,0.295
1000,0.6,0.94,0.1,True,0.6000000000000009,0.28624961870713905,0.315
1000,0.6,0.94,0.1,True,0.5999999999999986,0.631406997220461,0.29
1000,0.6,0.94,0.1,True,0.6000000000000019,0.4619655042543407,0.3
1000,0.6,0.94,0.1,True,0.5999999999999992,0.19128142018451094,0.285
1000,0.6,0.94,0.1,True,0.6000000000000019,0.1758478298100764,0.26
1000,0.6,0.94,0.2,True,0.5999999999999971,1.92778593012314,0.3
1000,0.6,0.94,0.2,True,0.5999999999999979,1.932578204048316,0.275
1000,0.6,0.94,0.2,True,0.6000000000000015,1.9241347211107227,0.315
1000,0.6,0.94,0.2,True,0.6000000000000019,1.6869745105682514,0.285
1000,0.6,0.94,0.2,True,0.6000000000000014,1.9037353921212579,0.32
1000,0.6,0.94,0.2,True,0.5999999999999983,1.6820389596311738,0.31
1000,0.6,0.94,0.2,True,0.5999999999999992,1.8907266830674512,0.3
1000,0.6,0.94,0.2,True,0.5999999999999988,1.740569189432406,0.285
1000,0.6,0.94,0.2,True,0.5999999999999989,2.0058938690040073,0.3
1000,0.6,0.94,0.2,True,0.6000000000000006,1.9585816236846223,0.29
1000,0.6,0.94,0.2,True,0.5999999999999992,2.062320054022575,0.3
1000,0.6,0.94,0.2,True,0.599999999999998,1.947612583168584,0.31
1000,0.6,0.94,0.2,True,0.5999999999999992,1.9808671358757763,0.285
1000,0.6,0.94,0.2,True,0.6000000000000032,1.9345117636183105,0.29
1000,0.6,0.94,0.2,True,0.6000000000000008,1.6210923061735314,0.3
1000,0.6,0.94,0.2,True,0.6000000000000012,2.040532614897899,0.28
1000,0.6,0.94,0.2,True,0.5999999999999985,1.9650886379895984,0.285
1000,0.6,0.94,0.2,True,0.6000000000000014,1.7331297439248523,0.295
1000,0.6,0.94,0.2,True,0.6000000000000029,1.9002048786711014,0.31
1000,0.6,0.94,0.2,True,0.6000000000000006,1.7881018498643495,0.33
1000,0.6,0.94,0.2,True,0.6000000000000029,1.8310711357129152,0.3
1000,0.6,0.94,0.2,True,0.5999999999999995,1.7032550242895688,0.285
1000,0.6,0.94,0.2,True,0.5999999999999999,1.7111757137008299,0.28
1000,0.6,0.94,0.2,True,0.5999999999999995,2.0689924871041434,0.29
1000,0.6,0.94,0.2,True,0.6000000000000012,1.7619432517097953,0.31
1000,0.6,0.94,0.3,True,0.5999999999999999,1.4472768532637694,0.31
1000,0.6,0.94,0.3,True,0.5999999999999995,1.304174575256017,0.29
1000,0.6,0.94,0.3,True,0.5999999999999975,1.3393294762015096,0.3
1000,0.6,0.94,0.3,True,0.6000000000000023,1.286362722401997,0.295
1000,0.6,0.94,0.3,True,0.5999999999999999,1.2007085921190375,0.32
1000,0.6,0.94,0.3,True,0.5999999999999999,1.2879400039009954,0.31
1000,0.6,0.94,0.3,True,0.6000000000000001,1.2873555067319185,0.29
1000,0.6,0.94,0.3,True,0.6000000000000029,1.298442922764241,0.295
1000,0.6,0.94,0.3,True,0.5999999999999963,1.3585881528829316,0.29
1000,0.6,0.94,0.3,True,0.6000000000000012,1.3216886670489219,0.28
1000,0.6,0.94,0.3,True,0.6,1.4312792942255164,0.335
1000,0.6,0.94,0.3,True,0.6,1.368250603545163,0.31
1000,0.6,0.94,0.3,True,0.6000000000000004,1.190904620770362,0.28
1000,0.6,0.94,0.3,True,0.6000000000000008,1.3485236782358654,0.32
1000,0.6,0.94,0.3,True,0.6000000000000001,1.2771618346108944,0.325
1000,0.6,0.94,0.3,True,0.5999999999999981,1.4279785260250746,0.29
1000,0.6,0.94,0.3,True,0.6000000000000015,1.2785875017199662,0.3
1000,0.6,0.94,0.3,True,0.5999999999999979,1.4754907348594197,0.295
1000,0.6,0.94,0.3,True,0.5999999999999996,1.3582157504351038,0.3
1000,0.6,0.94,0.3,True,0.6000000000000002,1.3230743111338308,0.305
1000,0.6,0.94,0.3,True,0.5999999999999972,1.4485750428751734,0.305
1000,0.6,0.94,0.3,True,0.5999999999999996,1.4239956713036577,0.32
1000,0.6,0.94,0.3,True,0.5999999999999993,1.24843690314748,0.315
1000,0.6,0.94,0.3,True,0.600000000000001,1.372240768618629,0.32
1000,0.6,0.94,0.3,True,0.5999999999999994,1.2799244389679756,0.295
1200,0.6,0.94,0.1,True,0.6000000000000019,1.161108304882666,0.3
1200,0.6,0.94,0.1,True,0.6000000000000005,0.9147650692940947,0.3
1200,0.6,0.94,0.1,True,0.5999999999999996,0.7792814516661901,0.34
1200,0.6,0.94,0.1,True,0.6000000000000022,1.023662608811751,0.295
1200,0.6,0.94,0.1,True,0.5999999999999964,0.47933757801003624,0.31
1200,0.6,0.94,0.1,True,0.6000000000000012,0.9939898631486184,0.3
1200,0.6,0.94,0.1,True,0.6000000000000009,0.4532118811470963,0.325
1200,0.6,0.94,0.1,True,0.6000000000000016,0.9730047827929975,0.285
1200,0.6,0.94,0.1,True,0.6000000000000008,1.201941850152032,0.32
1200,0.6,0.94,0.1,True,0.5999999999999988,0.6000579102123811,0.325
1200,0.6,0.94,0.1,True,0.6000000000000018,0.6818059584923459,0.32
1200,0.6,0.94,0.1,True,0.5999999999999985,0.5304466660013918,0.285
1200,0.6,0.94,0.1,True,0.6000000000000001,0.38552367645040014,0.32
1200,0.6,0.94,0.1,True,0.599999999999997,1.4152723270755516,0.28
1200,0.6,0.94,0.1,True,0.6000000000000008,0.3910590097650526,0.305
1200,0.6,0.94,0.1,True,0.5999999999999981,0.5357254033632943,0.26
1200,0.6,0.94,0.1,True,0.6000000000000003,0.9403712773671615,0.34
1200,0.6,0.94,0.1,True,0.5999999999999996,0.5185890228609675,0.295
1200,0.6,0.94,0.1,True,0.5999999999999974,0.4925179760829818,0.315
1200,0.6,0.94,0.1,True,0.6000000000000012,1.7677412952462337,0.305
1200,0.6,0.94,0.1,True,0.6000000000000032,0.6918004117070844,0.3
1200,0.6,0.94,0.1,True,0.599999999999998,1.159453951302401,0.335
1200,0.6,0.94,0.1,True,0.600000000000002,0.9446068814683091,0.32
1200,0.6,0.94,0.1,True,0.5999999999999985,0.6091503979648354,0.315
1200,0.6,0.94,0.1,True,0.6000000000000008,1.7058800791822921,0.315
1200,0.6,0.94,0.2,True,0.5999999999999985,2.168637692277429,0.315
1200,0.6,0.94,0.2,True,0.5999999999999965,1.9547596359582897,0.325
1200,0.6,0.94,0.2,True,0.5999999999999992,1.9593670764443045,0.33
1200,0.6,0.94,0.2,True,0.5999999999999979,2.134800125320175,0.31
1200,0.6,0.94,0.2,True,0.5999999999999994,2.1196788149353205,0.335
1200,0.6,0.94,0.2,True,0.6000000000000009,2.270572635195677,0.325
1200,0.6,0.94,0.2,True,0.6000000000000001,2.0779794338526076,0.31
1200,0.6,0.94,0.2,True,0.6000000000000001,2.222668061825282,0.315
1200,0.6,0.94,0.2,True,0.6000000000000008,2.2022982912738285,0.285
1200,0.6,0.94,0.2,True,0.5999999999999999,2.072786001789285,0.3
1200,0.6,0.94,0.2,True,0.5999999999999983,2.247370374255234,0.34
1200,0.6,0.94,0.2,True,0.5999999999999988,2.1477561100174225,0.295
1200,0.6,0.94,0.2,True,0.6,2.0051892576859873,0.295
1200,0.6,0.94,0.2,True,0.5999999999999973,2.2088253750873807,0.305
1200,0.6,0.94,0.2,True,0.6000000000000005,2.3056276855185684,0.3
1200,0.6,0.94,0.2,True,0.5999999999999968,2.2012652450542305,0.3
1200,0.6,0.94,0.2,True,0.5999999999999991,2.0538827554020074,0.315
1200,0.6,0.94,0.2,True,0.5999999999999978,2.1219099132945187,0.31
1200,0.6,0.94,0.2,True,0.5999999999999998,2.2671807675118956,0.335
1200,0.6,0.94,0.2,True,0.6000000000000028,2.001099183381574,0.33
1200,0.6,0.94,0.2,True,0.5999999999999992,2.055198799500999,0.315
1200,0.6,0.94,0.2,True,0.6000000000000016,2.0872691976519646,0.315
1200,0.6,0.94,0.2,True,0.5999999999999965,2.1182397536674897,0.31
1200,0.6,0.94,0.2,True,0.599999999999999,2.0115922840729685,0.29
1200,0.6,0.94,0.2,True,0.6000000000000011,2.0638810515304202,0.295
1200,0.6,0.94,0.3,True,0.5999999999999992,1.564839349255588,0.3
1200,0.6,0.94,0.3,True,0.6000000000000019,1.498038082671774,0.305
1200,0.6,0.94,0.3,True,0.6000000000000012,1.4980369628106178,0.32
1200,0.6,0.94,0.3,True,0.5999999999999986,1.5187812915316092,0.29
1200,0.6,0.94,0.3,True,0.5999999999999975,1.4723972283304199,0.31
1200,0.6,0.94,0.3,True,0.6000000000000036,1.544345675546284,0.31
1200,0.6,0.94,0.3,True,0.599999999999997,1.4065509183091853,0.32
1200,0.6,0.94,0.3,True,0.6000000000000006,1.4938636925512991,0.305
1200,0.6,0.94,0.3,True,0.600000000000002,1.5471506352220668,0.31
1200,0.6,0.94,0.3,True,0.5999999999999965,1.5608586660362596,0.315
1200,0.6,0.94,0.3,True,0.6000000000000005,1.4512776882522633,0.305
1200,0.6,0.94,0.3,True,0.6000000000000008,1.421826104975069,0.315
1200,0.6,0.94,0.3,True,0.6000000000000023,1.4784641723785277,0.285
1200,0.6,0.94,0.3,True,0.6,1.4088419056638846,0.305
1200,0.6,0.94,0.3,True,0.6000000000000003,1.3201509460705254,0.29
1200,0.6,0.94,0.3,True,0.6000000000000003,1.393433487897397,0.315
1200,0.6,0.94,0.3,True,0.5999999999999984,1.4853354940376924,0.32
1200,0.6,0.94,0.3,True,0.6000000000000009,1.4895538611196548,0.305
1200,0.6,0.94,0.3,True,0.6000000000000008,1.4268521378810428,0.335
1200,0.6,0.94,0.3,True,0.5999999999999985,1.4693976894693848,0.29
1200,0.6,0.94,0.3,True,0.6000000000000014,1.5394895532615855,0.295
1200,0.6,0.94,0.3,True,0.5999999999999961,1.5634130126461225,0.31
1200,0.6,0.94,0.3,True,0.6000000000000013,1.4960137178934207,0.28
1200,0.6,0.94,0.3,True,0.5999999999999985,1.420509756477436,0.31
1200,0.6,0.94,0.3,True,0.6000000000000003,1.4164403386757587,0.325
800,0.6,0.97,0.1,True,0.6000000000000001,0.1252533550310307,0.28
800,0.6,0.97,0.1,True,0.600000000000002,0.5939938103693374,0.29
800,0.6,0.97,0.1,True,0.6000000000000032,0.1749154085212058,0.295
800,0.6,0.97,0.1,True,0.6000000000000008,0.285275344665508,0.31
800,0.6,0.97,0.1,True,0.6000000000000019,0.35165318443703925,0.28
800,0.6,0.97,0.1,True,0.600000000000001,0.23660738273000492,0.29
800,0.6,0.97,0.1,True,0.5999999999999989,0.15927557977295137,0.3
800,0.6,0.97,0.1,True,0.6000000000000001,0.1657413221043178,0.305
800,0.6,0.97,0.1,True,0.6000000000000019,0.4163723828783623,0.295
800,0.6,0.97,0.1,True,0.6000000000000023,0.44032236901864974,0.28
800,0.6,0.97,0.1,True,0.6000000000000016,0.12454985544034441,0.315
800,0.6,0.97,0.1,True,0.5999999999999982,0.20406238377490282,0.31
800,0.6,0.97,0.1,True,0.6,0.10515354873399227,0.305
800,0.6,0.97,0.1,True,0.6,0.5499067241963346,0.285
800,0.6,0.97,0.1,True,0.5999999999999996,0.26833861145735727,0.315
800,0.6,0.97,0.1,True,0.6000000000000019,0.08357687581717498,0.28
800,0.6,0.97,0.1,True,0.5999999999999979,0.34207437155635984,0.285
800,0.6,0.97,0.1,True,0.600000000000001,0.3636762540081961,0.265
800,0.6,0.97,0.1,True,0.6000000000000008,0.3143364976293319,0.275
800,0.6,0.97,0.1,True,0.6,0.20768054861550211,0.3
800,0.6,0.97,0.1,True,0.600000000000002,0.29502490258568437,0.29
800,0.6,0.97,0.1,True,0.5999999999999946,0.251530366150417,0.32
800,0.6,0.97,0.1,True,0.5999999999999984,0.136674107613185,0.28
800,0.6,0.97,0.1,True,0.6000000000000022,0.09964185405536913,0.29
800,0.6,0.97,0.1,True,0.5999999999999993,0.49692070301329777,0.28
800,0.6,0.97,0.2,True,0.6000000000000006,1.6959382453747054,0.28
800,0.6,0.97,0.2,True,0.5999999999999974,1.6668884035281604,0.315
800,0.6,0.97,0.2,True,0.599999999999999,1.6500965639372447,0.305
800,0.6,0.97,0.2,True,0.5999999999999996,1.800675979253506,0.275
800,0.6,0.97,0.2,True,0.6000000000000019,1.5199612126837527,0.27
800,0.6,0.97,0.2,True,0.6000000000000023,1.5456284802191478,0.28
800,0.6,0.97,0.2,True,0.5999999999999998,1.884063375295888,0.265
800,0.6,0.97,0.2,True,0.5999999999999991,1.5965304500926076,0.275
800,0.6,0.97,0.2,True,0.6000000000000055,1.705018781284128,0.29
800,0.6,0.97,0.2,True,0.6000000000000005,1.6881205149803338,0.3
800,0.6,0.97,0.2,True,0.5999999999999991,1.6220786452590072,0.295
800,0.6,0.97,0.2,True,0.5999999999999996,1.7284585988050347,0.305
800,0.6,0.97,0.2,True,0.6000000000000004,1.5551969372709142,0.285
800,0.6,0.97,0.2,True,0.599999999999999,1.7639195529093643,0.27
800,0.6,0.97,0.2,True,0.5999999999999995,1.855206799477005,0.27
800,0.6,0.97,0.2,True,0.6000000000000003,1.757966645286381,0.3
800,0.6,0.97,0.2,True,0.6000000000000033,1.5760501660095374,0.32
800,0.6,0.97,0.2,True,0.6000000000000014,1.5528930421304565,0.305
800,0.6,0.97,0.2,True,0.5999999999999999,1.60773769634979,0.31
800,0.6,0.97,0.2,True,0.6000000000000005,1.6950553090717455,0.31
800,0.6,0.97,0.2,True,0.6000000000000008,1.527443389854181,0.29
800,0.6,0.97,0.2,True,0.6000000000000009,1.7457039581836584,0.32
800,0.6,0.97,0.2,True,0.6000000000000005,1.7933625124589008,0.3
800,0.6,0.97,0.2,True,0.600000000000001,2.0835014787451707,0.275
800,0.6,0.97,0.2,True,0.600000000000003,1.4554485672094457,0.295
800,0.6,0.97,0.3,True,0.6000000000000024,1.4004151886245144,0.3
800,0.6,0.97,0.3,True,0.5999999999999961,1.106439616226807,0.275
800,0.6,0.97,0.3,True,0.6000000000000041,1.1297375380336976,0.29
800,0.6,0.97,0.3,True,0.6000000000000016,1.3348983551411155,0.305
800,0.6,0.97,0.3,True,0.6000000000000005,1.1796898755433065,0.31
800,0.6,0.97,0.3,True,0.6000000000000016,1.1974067529155439,0.28
800,0.6,0.97,0.3,True,0.5999999999999996,1.3000459072254507,0.285
800,0.6,0.97,0.3,True,0.6000000000000008,1.2001566805912285,0.32
800,0.6,0.97,0.3,True,0.6000000000000003,1.1795355024265646,0.275
800,0.6,0.97,0.3,True,0.6000000000000006,1.2946613690666258,0.28
800,0.6,0.97,0.3,True,0.599999999999999,1.113799375511367,0.305
800,0.6,0.97,0.3,True,0.6000000000000009,1.1816128208846397,0.3
800,0.6,0.97,0.3,True,0.600000000000001,1.3180223406457947,0.31
800,0.6,0.97,0.3,True,0.6000000000000018,1.284075203588832,0.29
800,0.6,0.97,0.3,True,0.6000000000000002,1.1845019901282965,0.29
800,0.6,0.97,0.3,True,0.6000000000000013,1.1403700933395404,0.29
800,0.6,0.97,0.3,True,0.6000000000000025,1.1921745668838528,0.27
800,0.6,0.97,0.3,True,0.5999999999999992,1.3159782125360184,0.305
800,0.6,0.97,0.3,True,0.6000000000000005,1.2064159688889107,0.28
800,0.6,0.97,0.3,True,0.599999999999999,1.3411704724387001,0.29
800,0.6,0.97,0.3,True,0.6000000000000008,1.2304481226060284,0.275
800,0.6,0.97,0.3,True,0.6000000000000003,1.2506953943132912,0.32
800,0.6,0.97,0.3,True,0.6000000000000008,1.3995207369377411,0.285
800,0.6,0.97,0.3,True,0.599999999999997,1.2622905255544448,0.305
800,0.6,0.97,0.3,True,0.5999999999999981,1.2265791859014028,0.29
1000,0.6,0.97,0.1,True,0.6000000000000011,0.7571244604044276,0.3
1000,0.6,0.97,0.1,True,0.6000000000000002,0.39584207566726654,0.3
1000,0.6,0.97,0.1,True,0.599999999999998,0.5136252330618432,0.3
1000,0.6,0.97,0.1,True,0.6,0.3273408686441541,0.3
1000,0.6,0.97,0.1,True,0.5999999999999995,0.5011252210996299,0.3
1000,0.6,0.97,0.1,True,0.6000000000000001,0.38041729262737445,0.3
1000,0.6,0.97,0.1,True,0.6000000000000015,0.687532330196341,0.32
1000,0.6,0.97,0.1,True,0.5999999999999971,0.8222102052550693,0.305
1000,0.6,0.97,0.1,True,0.5999999999999991,0.49580152507432507,0.31
1000,0.6,0.97,0.1,True,0.599999999999998,0.5642434899871395,0.32
1000,0.6,0.97,0.1,True,0.5999999999999994,0.23199691564156255,0.305
1000,0.6,0.97,0.1,True,0.6000000000000014,0.34069392871309606,0.305
1000,0.6,0.97,0.1,True,0.6000000000000002,0.38795175145278216,0.315
1000,0.6,0.97,0.1,True,0.6000000000000022,0.5483674362206631,0.29
1000,0.6,0.97,0.1,True,0.6000000000000003,0.8583901816950442,0.3
1000,0.6,0.97,0.1,True,0.6000000000000014,0.31974635353749914,0.28
1000,0.6,0.97,0.1,True,0.6000000000000005,0.7997914664480823,0.32
1000,0.6,0.97,0.1,True,0.5999999999999999,0.28510631634745404,0.3
1000,0.6,0.97,0.1,True,0.6000000000000033,0.5379614752925387,0.335
1000,0.6,0.97,0.1,True,0.5999999999999954,0.5592898912317164,0.295
1000,0.6,0.97,0.1,True,0.6000000000000035,0.2934648790479172,0.31
1000,0.6,0.97,0.1,True,0.5999999999999978,0.5284645377767287,0.325
1000,0.6,0.97,0.1,True,0.6000000000000003,0.6345403973886379,0.315
1000,0.6,0.97,0.1,True,0.5999999999999985,0.36904215743591284,0.295
1000,0.6,0.97,0.1,True,0.5999999999999979,0.463743408444402,0.32
1000,0.6,0.97,0.2,True,0.6000000000000015,1.9536883403242493,0.3
1000,0.6,0.97,0.2,True,0.6000000000000016,2.1704626735659462,0.295
1000,0.6,0.97,0.2,True,0.6,1.8455625678269598,0.275
1000,0.6,0.97,0.2,True,0.6000000000000018,1.8795579169778467,0.29
1000,0.6,0.97,0.2,True,0.6000000000000011,2.036727213448494,0.295
1000,0.6,0.97,0.2,True,0.5999999999999995,2.0442713567188235,0.295
1000,0.6,0.97,0.2,True,0.5999999999999994,1.8564570941424532,0.325
1000,0.6,0.97,0.2,True,0.6000000000000001,1.7366541574670236,0.3
1000,0.6,0.97,0.2,True,0.6000000000000003,2.193392663533524,0.34
1000,0.6,0.97,0.2,True,0.6000000000000003,1.852123181214155,0.285
1000,0.6,0.97,0.2,True,0.6000000000000042,1.8458857522701844,0.32
1000,0.6,0.97,0.2,True,0.6000000000000003,1.827308390908155,0.295
1000,0.6,0.97,0.2,True,0.6000000000000012,2.110174754071239,0.315
1000,0.6,0.97,0.2,True,0.5999999999999983,1.8839887881334563,0.3
1000,0.6,0.97,0.2,True,0.6000000000000035,2.0505916891905116,0.305
1000,0.6,0.97,0.2,True,0.5999999999999992,2.1434904997303406,0.28
1000,0.6,0.97,0.2,True,0.5999999999999979,1.9185810652351432,0.275
1000,0.6,0.97,0.2,True,0.6000000000000009,1.99290281368791,0.3
1000,0.6,0.97,0.2,True,0.5999999999999961,1.9565969160405554,0.29
1000,0.6,0.97,0.2,True,0.6000000000000001,2.235335557339619,0.295
1000,0.6,0.97,0.2,True,0.6000000000000016,1.688773971037115,0.305
1000,0.6,0.97,0.2,True,0.6000000000000003,1.9345228592676675,0.3
1000,0.6,0.97,0.2,True,0.5999999999999989,2.0175531703755265,0.295
1000,0.6,0.97,0.2,True,0.599999999999999,1.93935035131886,0.295
1000,0.6,0.97,0.2,True,0.6000000000000006,1.9458555288307442,0.31
1000,0.6,0.97,0.3,True,0.6000000000000003,1.3578862844842772,0.31
1000,0.6,0.97,0.3,True,0.5999999999999983,1.2566431011791543,0.31
1000,0.6,0.97,0.3,True,0.5999999999999996,1.4781031117254133,0.305
1000,0.6,0.97,0.3,True,0.6000000000000014,1.3964398225955403,0.3
1000,0.6,0.97,0.3,True,0.6000000000000003,1.3722065959327405,0.3
1000,0.6,0.97,0.3,True,0.6000000000000005,1.4217315353943711,0.31
1000,0.6,0.97,0.3,True,0.5999999999999996,1.3741194660469214,0.3
1000,0.6,0.97,0.3,True,0.5999999999999985,1.38229417113781,0.3
1000,0.6,0.97,0.3,True,0.6000000000000015,1.3274885224180109,0.295
1000,0.6,0.97,0.3,True,0.5999999999999995,1.3133928451262236,0.28
1000,0.6,0.97,0.3,True,0.5999999999999994,1.3859965365638052,0.3
1000,0.6,0.97,0.3,True,0.6000000000000008,1.3953512064680316,0.3
1000,0.6,0.97,0.3,True,0.6000000000000021,1.378489874246871,0.315
1000,0.6,0.97,0.3,True,0.5999999999999995,1.3339830554198897,0.3
1000,0.6,0.97,0.3,True,0.5999999999999983,1.3036368724315117,0.275
1000,0.6,0.97,0.3,True,0.5999999999999978,1.2731861824905972,0.3
1000,0.6,0.97,0.3,True,0.5999999999999981,1.2430200271517278,0.3
1000,0.6,0.97,0.3,True,0.6,1.375101932255106,0.315
1000,0.6,0.97,0.3,True,0.6000000000000012,1.4427899766797863,0.28
1000,0.6,0.97,0.3,True,0.5999999999999976,1.383362393461673,0.31
1000,0.6,0.97,0.3,True,0.5999999999999976,1.2708758221887697,0.3
1000,0.6,0.97,0.3,True,0.6000000000000008,1.4095912058948468,0.285
1000,0.6,0.97,0.3,True,0.600000000000001,1.4304830614950066,0.3
1000,0.6,0.97,0.3,True,0.5999999999999996,1.3849098576483487,0.27
1000,0.6,0.97,0.3,True,0.5999999999999979,1.4180316957230015,0.305
1200,0.6,0.97,0.1,True,0.5999999999999993,0.8658030287880668,0.325
1200,0.6,0.97,0.1,True,0.5999999999999981,0.7545751732202035,0.315
1200,0.6,0.97,0.1,True,0.5999999999999984,1.5945950276237424,0.29
1200,0.6,0.97,0.1,True,0.6000000000000003,0.6464655208814845,0.32
1200,0.6,0.97,0.1,True,0.6000000000000016,0.9454263854903755,0.31
1200,0.6,0.97,0.1,True,0.5999999999999985,0.5332787225365916,0.305
1200,0.6,0.97,0.1,True,0.5999999999999984,0.6771233274329747,0.335
1200,0.6,0.97,0.1,True,0.6000000000000024,1.0591665996936743,0.305
1200,0.6,0.97,0.1,True,0.5999999999999994,0.6141817413369965,0.29
1200,0.6,0.97,0.1,True,0.599999999999999,1.0077071789295347,0.32
1200,0.6,0.97,0.1,True,0.6000000000000009,0.7175693885411487,0.31
1200,0.6,0.97,0.1,True,0.6000000000000003,0.7176220600489758,0.305
1200,0.6,0.97,0.1,True,0.6000000000000011,1.2403746424424655,0.315
1200,0.6,0.97,0.1,True,0.6000000000000021,0.7996324880855895,0.31
1200,0.6,0.97,0.1,True,0.5999999999999991,0.8408027538610037,0.305
1200,0.6,0.97,0.1,True,0.6000000000000019,1.304488860621969,0.32
1200,0.6,0.97,0.1,True,0.6000000000000008,1.4268780529950433,0.295
1200,0.6,0.97,0.1,True,0.5999999999999954,0.9763035650646699,0.3
1200,0.6,0.97,0.1,True,0.6000000000000012,2.047671286771625,0.295
1200,0.6,0.97,0.1,True,0.6000000000000026,0.7351952418847418,0.285
1200,0.6,0.97,0.1,True,0.6000000000000019,1.3526089070478837,0.315
1200,0.6,0.97,0.1,True,0.6000000000000014,1.0630549693338396,0.3
1200,0.6,0.97,0.1,True,0.5999999999999981,1.0774883254352017,0.32
1200,0.6,0.97,0.1,True,0.5999999999999998,0.8431245661862921,0.29
1200,0.6,0.97,0.1,True,0.6000000000000006,0.778511934391473,0.295
1200,0.6,0.97,0.2,True,0.5999999999999983,2.111577895573343,0.325
1200,0.6,0.97,0.2,True,0.5999999999999984,2.1390303985152967,0.31
1200,0.6,0.97,0.2,True,0.6000000000000011,2.297860399010179,0.335
1200,0.6,0.97,0.2,True,0.6000000000000002,2.188028605317383,0.31
1200,0.6,0.97,0.2,True,0.5999999999999986,2.1627764118752903,0.315
1200,0.6,0.97,0.2,True,0.6000000000000005,2.2457963436618362,0.31
1200,0.6,0.97,0.2,True,0.5999999999999981,2.1809868143691102,0.305
1200,0.6,0.97,0.2,True,0.5999999999999996,1.9877815595806265,0.315
1200,0.6,0.97,0.2,True,0.6000000000000021,2.296637185829181,0.29
1200,0.6,0.97,0.2,True,0.6000000000000004,2.482010196232906,0.31
1200,0.6,0.97,0.2,True,0.5999999999999972,2.150412824150323,0.335
1200,0.6,0.97,0.2,True,0.6000000000000018,2.2130685280403597,0.32
1200,0.6,0.97,0.2,True,0.5999999999999948,2.263098886423949,0.295
1200,0.6,0.97,0.2,True,0.5999999999999999,2.074874271379927,0.31
1200,0.6,0.97,0.2,True,0.5999999999999994,2.249818844066926,0.335
1200,0.6,0.97,0.2,True,0.5999999999999984,2.304456107752482,0.33
1200,0.6,0.97,0.2,True,0.6000000000000025,2.216461461158464,0.325
1200,0.6,0.97,0.2,True,0.6000000000000001,2.1708752661989634,0.31
1200,0.6,0.97,0.2,True,0.5999999999999978,2.1746856271165176,0.32
1200,0.6,0.97,0.2,True,0.6000000000000013,2.401418738757218,0.315
1200,0.6,0.97,0.2,True,0.6000000000000005,2.0770731289337334,0.31
1200,0.6,0.97,0.2,True,0.5999999999999976,2.159048815611679,0.285
1200,0.6,0.97,0.2,True,0.6000000000000014,2.4456082960590018,0.31
1200,0.6,0.97,0.2,True,0.6,2.2622568245659442,0.315
1200,0.6,0.97,0.2,True,0.5999999999999994,2.023728394974198,0.33
1200,0.6,0.97,0.3,True,0.6000000000000005,1.514774012995173,0.34
1200,0.6,0.97,0.3,True,0.6000000000000005,1.5237787406497427,0.305
1200,0.6,0.97,0.3,True,0.6000000000000012,1.4688970262345096,0.325
1200,0.6,0.97,0.3,True,0.5999999999999992,1.6208712607083258,0.315
1200,0.6,0.97,0.3,True,0.6000000000000008,1.5492174901367113,0.29
1200,0.6,0.97,0.3,True,0.6000000000000014,1.4341322259090903,0.32
1200,0.6,0.97,0.3,True,0.6000000000000008,1.3841494045147291,0.33
1200,0.6,0.97,0.3,True,0.6000000000000033,1.4855762565834043,0.32
1200,0.6,0.97,0.3,True,0.6000000000000021,1.4864908613185643,0.32
1200,0.6,0.97,0.3,True,0.5999999999999976,1.5366853732412982,0.315
1200,0.6,0.97,0.3,True,0.5999999999999981,1.4517604593132425,0.32
1200,0.6,0.97,0.3,True,0.6000000000000016,1.4389476768209852,0.305
1200,0.6,0.97,0.3,True,0.6000000000000003,1.388350618145612,0.34
1200,0.6,0.97,0.3,True,0.6000000000000013,1.553816723871987,0.315
1200,0.6,0.97,0.3,True,0.6000000000000005,1.5751950765117848,0.3
1200,0.6,0.97,0.3,True,0.5999999999999983,1.4410786884169828,0.32
1200,0.6,0.97,0.3,True,0.5999999999999999,1.574062640553977,0.33
1200,0.6,0.97,0.3,True,0.5999999999999981,1.4476271725300545,0.29
1200,0.6,0.97,0.3,True,0.5999999999999951,1.4388657705406431,0.315
1200,0.6,0.97,0.3,True,0.6000000000000001,1.6362438526891416,0.3
1200,0.6,0.97,0.3,True,0.6000000000000003,1.4900162443122673,0.32
1200,0.6,0.97,0.3,True,0.6000000000000002,1.3684101404364988,0.315
1200,0.6,0.97,0.3,True,0.5999999999999999,1.4424663876991781,0.29
1200,0.6,0.97,0.3,True,0.6000000000000024,1.4507519390925316,0.325
1200,0.6,0.97,0.3,True,0.6000000000000008,1.5802887135720818,0.285
800,0.6,1.0,0.1,True,0.6000000000000016,0.10966075687635383,0.32
800,0.6,1.0,0.1,True,0.6000000000000005,0.16955839894060706,0.29
800,0.6,1.0,0.1,True,0.5999999999999998,0.1620246552195395,0.285
800,0.6,1.0,0.1,True,0.6000000000000003,0.20257621042046783,0.295
800,0.6,1.0,0.1,True,0.5999999999999979,0.2360405604835059,0.28
800,0.6,1.0,0.1,True,0.5999999999999988,0.23001032556114379,0.275
800,0.6,1.0,0.1,True,0.6000000000000013,0.22535204911345585,0.27
800,0.6,1.0,0.1,True,0.599999999999999,0.4658827904866498,0.305
800,0.6,1.0,0.1,True,0.6000000000000028,0.3988804030968651,0.28
800,0.6,1.0,0.1,True,0.5999999999999996,0.129763219826737,0.265
800,0.6,1.0,0.1,True,0.5999999999999975,0.3148820468236525,0.26
800,0.6,1.0,0.1,True,0.6000000000000003,0.38878509968418595,0.305
800,0.6,1.0,0.1,True,0.6000000000000022,0.22584714192710675,0.28
800,0.6,1.0,0.1,True,0.6000000000000016,0.2361053373164227,0.265
800,0.6,1.0,0.1,True,0.6000000000000003,0.17033407882746202,0.285
800,0.6,1.0,0.1,True,0.5999999999999992,0.22375058457098537,0.3
800,0.6,1.0,0.1,True,0.6000000000000011,0.17691939053094127,0.29
800,0.6,1.0,0.1,True,0.6000000000000002,0.4050087373663419,0.295
800,0.6,1.0,0.1,True,0.5999999999999994,0.17834403650438832,0.28
800,0.6,1.0,0.1,True,0.6000000000000009,0.09365664821310193,0.285
800,0.6,1.0,0.1,True,0.5999999999999988,0.4195938160618108,0.305
800,0.6,1.0,0.1,True,0.5999999999999994,0.21425998483140035,0.255
800,0.6,1.0,0.1,True,0.6000000000000012,0.1674887992269391,0.295
800,0.6,1.0,0.1,True,0.5999999999999994,0.06401393289243922,0.275
800,0.6,1.0,0.1,True,0.600000000000001,0.37183000635010827,0.29
800,0.6,1.0,0.2,True,0.5999999999999995,1.6999974163213585,0.29
800,0.6,1.0,0.2,True,0.6,1.8441530004257087,0.31
800,0.6,1.0,0.2,True,0.5999999999999966,1.9279384392821335,0.285
800,0.6,1.0,0.2,True,0.6000000000000011,1.7819572148253315,0.305
800,0.6,1.0,0.2,True,0.600000000000001,1.881097324300427,0.29
800,0.6,1.0,0.2,True,0.6000000000000001,1.9300177153089433,0.295
800,0.6,1.0,0.2,True,0.5999999999999992,1.7351007185191474,0.27
800,0.6,1.0,0.2,True,0.6000000000000004,1.8899925625219762,0.29
800,0.6,1.0,0.2,True,0.599999999999999,1.7858282674620665,0.29
800,0.6,1.0,0.2,True,0.6000000000000003,1.70152840942787,0.275
800,0.6,1.0,0.2,True,0.6000000000000011,1.6521454143701289,0.31
800,0.6,1.0,0.2,True,0.6000000000000015,1.8002319653140453,0.295
800,0.6,1.0,0.2,True,0.5999999999999996,1.6214031944593885,0.27
800,0.6,1.0,0.2,True,0.5999999999999989,1.7152179014268185,0.3
800,0.6,1.0,0.2,True,0.5999999999999986,1.5302757311451984,0.295
800,0.6,1.0,0.2,True,0.6000000000000018,1.6995145338688347,0.28
800,0.6,1.0,0.2,True,0.6000000000000039,1.7130105806619909,0.295
800,0.6,1.0,0.2,True,0.5999999999999989,1.8045044909777268,0.295
800,0.6,1.0,0.2,True,0.6000000000000018,1.7528129856353742,0.26
800,0.6,1.0,0.2,True,0.5999999999999988,1.6909753728166304,0.295
800,0.6,1.0,0.2,True,0.5999999999999984,1.9293548541910628,0.3
800,0.6,1.0,0.2,True,0.5999999999999993,1.7988028120752868,0.29
800,0.6,1.0,0.2,True,0.5999999999999995,1.7990245193200525,0.31
800,0.6,1.0,0.2,True,0.6000000000000012,1.8745383402401452,0.29
800,0.6,1.0,0.2,True,0.6000000000000001,1.5849882510177575,0.29
800,0.6,1.0,0.3,True,0.6000000000000003,1.2884496295725885,0.28
800,0.6,1.0,0.3,True,0.6000000000000005,1.267359872408731,0.28
800,0.6,1.0,0.3,True,0.6000000000000022,1.3030559652581895,0.32
800,0.6,1.0,0.3,True,0.6000000000000003,1.152290827740343,0.275
800,0.6,1.0,0.3,True,0.5999999999999993,1.2281960993206322,0.29
800,0.6,1.0,0.3,True,0.6000000000000002,1.3251324421948656,0.27
800,0.6,1.0,0.3,True,0.6000000000000028,1.4445348358453813,0.275
800,0.6,1.0,0.3,True,0.5999999999999993,1.4444372489767479,0.29
800,0.6,1.0,0.3,True,0.5999999999999996,1.1779843266728764,0.3
800,0.6,1.0,0.3,True,0.5999999999999993,1.26176910011541,0.29
800,0.6,1.0,0.3,True,0.6000000000000004,1.3360142129033248,0.29
800,0.6,1.0,0.3,True,0.5999999999999998,1.328573361087905,0.29
800,0.6,1.0,0.3,True,0.6000000000000001,1.2430371649097594,0.305
800,0.6,1.0,0.3,True,0.5999999999999985,1.2834328307876817,0.275
800,0.6,1.0,0.3,True,0.5999999999999991,1.3094834996375886,0.295
800,0.6,1.0,0.3,True,0.5999999999999996,1.321782579519327,0.285
800,0.6,1.0,0.3,True,0.5999999999999994,1.2497407725128857,0.28
800,0.6,1.0,0.3,True,0.5999999999999995,1.2121888701690864,0.29
800,0.6,1.0,0.3,True,0.600000000000001,1.40159825334659,0.295
800,0.6,1.0,0.3,True,0.6000000000000013,1.2318845660976319,0.3
800,0.6,1.0,0.3,True,0.6,1.2158986567666057,0.29
800,0.6,1.0,0.3,True,0.6000000000000008,1.3401278864343804,0.295
800,0.6,1.0,0.3,True,0.5999999999999988,1.2179170389699778,0.3
800,0.6,1.0,0.3,True,0.5999999999999989,1.233933266505832,0.29
800,0.6,1.0,0.3,True,0.5999999999999989,1.237378906881244,0.285
1000,0.6,1.0,0.1,True,0.6000000000000003,0.5974861028541028,0.315
1000,0.6,1.0,0.1,True,0.5999999999999976,0.6020825215567854,0.31
1000,0.6,1.0,0.1,True,0.6000000000000008,0.4650229783280653,0.285
1000,0.6,1.0,0.1,True,0.6,0.4083055332348879,0.305
1000,0.6,1.0,0.1,True,0.6000000000000019,0.33912046743703783,0.265
1000,0.6,1.0,0.1,True,0.6000000000000041,0.6050211990019817,0.285
1000,0.6,1.0,0.1,True,0.5999999999999999,1.1168601805721805,0.3
1000,0.6,1.0,0.1,True,0.5999999999999985,1.0061213817756083,0.3
1000,0.6,1.0,0.1,True,0.6000000000000036,0.5015136365096801,0.31
1000,0.6,1.0,0.1,True,0.5999999999999994,0.8629336865245353,0.33
1000,0.6,1.0,0.1,True,0.5999999999999981,0.7435549896252786,0.295
1000,0.6,1.0,0.1,True,0.5999999999999994,1.1134762942936338,0.28
1000,0.6,1.0,0.1,True,0.5999999999999992,0.354605770553221,0.3
1000,0.6,1.0,0.1,True,0.6000000000000011,0.7821330549284959,0.31
1000,0.6,1.0,0.1,True,0.6000000000000001,0.43230103602368686,0.34
1000,0.6,1.0,0.1,True,0.6000000000000006,0.7374342769803213,0.29
1000,0.6,1.0,0.1,True,0.5999999999999993,0.5861060156036019,0.305
1000,0.6,1.0,0.1,True,0.6000000000000018,0.8332889284811543,0.28
1000,0.6,1.0,0.1,True,0.6000000000000008,0.8122331166184953,0.28
1000,0.6,1.0,0.1,True,0.6000000000000009,0.7217137503496563,0.31
1000,0.6,1.0,0.1,True,0.6000000000000005,1.1700907721303282,0.285
1000,0.6,1.0,0.1,True,0.6000000000000001,0.8607534489073831,0.3
1000,0.6,1.0,0.1,True,0.6000000000000019,0.9186706799984394,0.305
1000,0.6,1.0,0.1,True,0.5999999999999998,0.45449160738890704,0.305
1000,0.6,1.0,0.1,True,0.6000000000000022,0.926634752972285,0.32
1000,0.6,1.0,0.2,True,0.5999999999999979,1.9390481280375012,0.32
1000,0.6,1.0,0.2,True,0.6000000000000008,1.7764332145110209,0.325
1000,0.6,1.0,0.2,True,0.5999999999999959,1.851074567960298,0.305
1000,0.6,1.0,0.2,True,0.5999999999999991,2.0846900844471508,0.305
1000,0.6,1.0,0.2,True,0.5999999999999984,2.0245703158937993,0.305
1000,0.6,1.0,0.2,True,0.5999999999999985,2.2632443437240024,0.3
1000,0.6,1.0,0.2,True,0.6000000000000001,2.03373162981197,0.315
1000,0.6,1.0,0.2,True,0.6000000000000002,1.9033969059352942,0.28
1000,0.6,1.0,0.2,True,0.5999999999999993,2.199855505693452,0.305
1000,0.6,1.0,0.2,True,0.6000000000000011,1.791012694718748,0.31
1000,0.6,1.0,0.2,True,0.6000000000000009,2.0136331432030765,0.285
1000,0.6,1.0,0.2,True,0.6000000000000001,2.090471743363911,0.32
1000,0.6,1.0,0.2,True,0.5999999999999996,2.06387938885791,0.295
1000,0.6,1.0,0.2,True,0.5999999999999994,2.1795843654214755,0.325
1000,0.6,1.0,0.2,True,0.5999999999999994,2.056909347502424,0.31
1000,0.6,1.0,0.2,True,0.599999999999999,1.8837051935499851,0.285
1000,0.6,1.0,0.2,True,0.6000000000000041,2.0193553786207263,0.285
1000,0.6,1.0,0.2,True,0.5999999999999988,1.9459050029112972,0.29
1000,0.6,1.0,0.2,True,0.6000000000000008,1.9189101986691897,0.3
1000,0.6,1.0,0.2,True,0.6000000000000003,2.086425149647729,0.32
1000,0.6,1.0,0.2,True,0.599999999999999,2.154429825999076,0.3
1000,0.6,1.0,0.2,True,0.5999999999999983,2.026711619820037,0.315
1000,0.6,1.0,0.2,True,0.5999999999999989,2.0158757586852123,0.285
1000,0.6,1.0,0.2,True,0.5999999999999999,1.8919451560012053,0.3
1000,0.6,1.0,0.2,True,0.5999999999999988,1.923503710251325,0.285
1000,0.6,1.0,0.3,True,0.6000000000000002,1.3436384809828477,0.3
1000,0.6,1.0,0.3,True,0.6000000000000028,1.5588207018112985,0.29
1000,0.6,1.0,0.3,True,0.6000000000000029,1.472120245525455,0.295
1000,0.6,1.0,0.3,True,0.6000000000000016,1.4742942727216897,0.305
1000,0.6,1.0,0.3,True,0.5999999999999993,1.3464065632887077,0.295
1000,0.6,1.0,0.3,True,0.600000000000001,1.4005912479710527,0.3
1000,0.6,1.0,0.3,True,0.6000000000000005,1.464269508038179,0.295
1000,0.6,1.0,0.3,True,0.6000000000000008,1.328439743327221,0.315
1000,0.6,1.0,0.3,True,0.5999999999999982,1.2993954356859738,0.31
1000,0.6,1.0,0.3,True,0.5999999999999992,1.3596242099409261,0.325
1000,0.6,1.0,0.3,True,0.6000000000000008,1.4723779132489447,0.285
1000,0.6,1.0,0.3,True,0.6,1.3859943717915948,0.285
1000,0.6,1.0,0.3,True,0.6000000000000001,1.39876302245687,0.29
1000,0.6,1.0,0.3,True,0.6000000000000018,1.3500705748422832,0.32
1000,0.6,1.0,0.3,True,0.5999999999999986,1.4304607705062957,0.32
1000,0.6,1.0,0.3,True,0.599999999999998,1.4582577960702974,0.31
1000,0.6,1.0,0.3,True,0.5999999999999975,1.302288346249168,0.29
1000,0.6,1.0,0.3,True,0.5999999999999992,1.4189751534699737,0.285
1000,0.6,1.0,0.3,True,0.5999999999999994,1.3591864650404188,0.295
1000,0.6,1.0,0.3,True,0.5999999999999998,1.350845803799221,0.31
1000,0.6,1.0,0.3,True,0.600000000000002,1.4198799118535659,0.3
1000,0.6,1.0,0.3,True,0.6000000000000001,1.469419465514049,0.32
1000,0.6,1.0,0.3,True,0.5999999999999998,1.4342392043764314,0.31
1000,0.6,1.0,0.3,True,0.6000000000000016,1.3329657804689505,0.29
1000,0.6,1.0,0.3,True,0.5999999999999988,1.5405540008781744,0.325
1200,0.6,1.0,0.1,True,0.6000000000000011,1.3047621733961563,0.33
1200,0.6,1.0,0.1,True,0.6000000000000014,0.5729798665207205,0.325
1200,0.6,1.0,0.1,True,0.5999999999999988,1.1926858538544864,0.305
1200,0.6,1.0,0.1,True,0.5999999999999988,0.9400508440729242,0.31
1200,0.6,1.0,0.1,True,0.6000000000000034,0.6654714300927919,0.305
1200,0.6,1.0,0.1,True,0.6000000000000001,1.5083153823724218,0.305
1200,0.6,1.0,0.1,True,0.5999999999999992,1.0938422897879783,0.29
1200,0.6,1.0,0.1,True,0.6000000000000001,0.937770845256184,0.305
1200,0.6,1.0,0.1,True,0.6000000000000011,0.9553294271186479,0.315
1200,0.6,1.0,0.1,True,0.5999999999999994,0.9586559138353031,0.31
1200,0.6,1.0,0.1,True,0.6000000000000004,1.128261040283208,0.33
1200,0.6,1.0,0.1,True,0.6000000000000003,0.8252532866120589,0.34
1200,0.6,1.0,0.1,True,0.5999999999999974,1.5806859016562487,0.305
1200,0.6,1.0,0.1,True,0.6000000000000012,0.830280662720841,0.3
1200,0.6,1.0,0.1,True,0.6000000000000013,0.7352731386214393,0.335
1200,0.6,1.0,0.1,True,0.6000000000000002,1.5933498661582908,0.305
1200,0.6,1.0,0.1,True,0.6000000000000024,0.8107918840886004,0.3
1200,0.6,1.0,0.1,True,0.6000000000000003,0.8612425816629999,0.3
1200,0.6,1.0,0.1,True,0.6000000000000005,0.8706105278358796,0.29
1200,0.6,1.0,0.1,True,0.5999999999999999,1.2276172086382275,0.325
1200,0.6,1.0,0.1,True,0.5999999999999988,0.5666528410877124,0.3
1200,0.6,1.0,0.1,True,0.5999999999999981,1.068536694203586,0.35
1200,0.6,1.0,0.1,True,0.5999999999999971,1.233274616107504,0.305
1200,0.6,1.0,0.1,True,0.5999999999999985,1.757635460835747,0.315
1200,0.6,1.0,0.1,True,0.6000000000000025,1.3739044652086214,0.31
1200,0.6,1.0,0.2,True,0.6000000000000032,2.1346045983120017,0.305
1200,0.6,1.0,0.2,True,0.6000000000000034,2.0338573533687594,0.315
1200,0.6,1.0,0.2,True,0.5999999999999982,2.1992094082481897,0.29
1200,0.6,1.0,0.2,True,0.6000000000000003,2.349541228217805,0.295
1200,0.6,1.0,0.2,True,0.5999999999999982,2.2442209078928106,0.305
1200,0.6,1.0,0.2,True,0.6000000000000005,2.152036031119218,0.29
1200,0.6,1.0,0.2,True,0.599999999999999,2.182757715244785,0.305
1200,0.6,1.0,0.2,True,0.6000000000000009,2.393849911293075,0.31
1200,0.6,1.0,0.2,True,0.6000000000000014,2.2351975988672215,0.315
1200,0.6,1.0,0.2,True,0.6000000000000028,2.259675210417681,0.305
1200,0.6,1.0,0.2,True,0.599999999999998,2.2963840308580257,0.33
1200,0.6,1.0,0.2,True,0.6000000000000024,2.1716673710858414,0.325
1200,0.6,1.0,0.2,True,0.6000000000000009,2.412085905696019,0.345
1200,0.6,1.0,0.2,True,0.5999999999999984,2.3275735358931193,0.31
1200,0.6,1.0,0.2,True,0.5999999999999979,2.3536231932819542,0.29
1200,0.6,1.0,0.2,True,0.5999999999999982,2.497155166992582,0.325
1200,0.6,1.0,0.2,True,0.5999999999999996,2.351739988905349,0.305
1200,0.6,1.0,0.2,True,0.5999999999999999,2.3664375716029182,0.305
1200,0.6,1.0,0.2,True,0.6000000000000011,2.132264168805183,0.33
1200,0.6,1.0,0.2,True,0.5999999999999983,2.1687864349755044,0.305
1200,0.6,1.0,0.2,True,0.5999999999999984,2.0569724538808405,0.335
1200,0.6,1.0,0.2,True,0.599999999999997,2.2656997075513194,0.31
1200,0.6,1.0,0.2,True,0.599999999999999,2.28384462792666,0.32
1200,0.6,1.0,0.2,True,0.6000000000000028,2.254250855946161,0.315
1200,0.6,1.0,0.2,True,0.5999999999999999,2.2076636771965568,0.36
1200,0.6,1.0,0.3,True,0.600000000000005,1.5472389042567598,0.285
1200,0.6,1.0,0.3,True,0.5999999999999988,1.552651365353964,0.305
1200,0.6,1.0,0.3,True,0.5999999999999984,1.4268200827925874,0.32
1200,0.6,1.0,0.3,True,0.5999999999999999,1.478145418103093,0.31
1200,0.6,1.0,0.3,True,0.5999999999999985,1.5358721142530822,0.315
1200,0.6,1.0,0.3,True,0.5999999999999959,1.580051147762919,0.315
1200,0.6,1.0,0.3,True,0.6000000000000005,1.460182378773919,0.325
1200,0.6,1.0,0.3,True,0.6000000000000014,1.6042610949915384,0.31
1200,0.6,1.0,0.3,True,0.600000000000001,1.5928296847512173,0.315
1200,0.6,1.0,0.3,True,0.6,1.637442457795701,0.32
1200,0.6,1.0,0.3,True,0.600000000000001,1.567297066594842,0.315
1200,0.6,1.0,0.3,True,0.6000000000000013,1.5469794414796727,0.33
1200,0.6,1.0,0.3,True,0.6000000000000021,1.5183996815943641,0.31
1200,0.6,1.0,0.3,True,0.5999999999999999,1.5874462057339116,0.295
1200,0.6,1.0,0.3,True,0.5999999999999984,1.4122972203137745,0.315
1200,0.6,1.0,0.3,True,0.5999999999999998,1.4040084299338078,0.315
1200,0.6,1.0,0.3,True,0.5999999999999979,1.5339723615663585,0.325
1200,0.6,1.0,0.3,True,0.5999999999999992,1.4113658496805497,0.3
1200,0.6,1.0,0.3,True,0.5999999999999964,1.5170174716737688,0.3
1200,0.6,1.0,0.3,True,0.5999999999999983,1.605423352948237,0.3
1200,0.6,1.0,0.3,True,0.5999999999999982,1.574430466549552,0.325
1200,0.6,1.0,0.3,True,0.5999999999999974,1.4491046863187074,0.305
1200,0.6,1.0,0.3,True,0.6000000000000032,1.5575843246786762,0.35
1200,0.6,1.0,0.3,True,0.6000000000000002,1.4546235964987284,0.325
1200,0.6,1.0,0.3,True,0.6000000000000004,1.4246893019199918,0.335
800,0.8,0.94,0.1,True,0.800000000000004,0.7791253458746228,0.27
800,0.8,0.94,0.1,True,0.8000000000000006,1.064453966481497,0.29
800,0.8,0.94,0.1,True,0.8000000000000012,1.1324466757807938,0.26
800,0.8,0.94,0.1,True,0.8000000000000049,0.3949944592777472,0.27
800,0.8,0.94,0.1,True,0.8000000000000014,0.757356397348133,0.285
800,0.8,0.94,0.1,True,0.8000000000000009,0.6541630098199064,0.27
800,0.8,0.94,0.1,True,0.7999999999999995,0.7046402457454867,0.275
800,0.8,0.94,0.1,True,0.8000000000000003,0.5614981123109667,0.285
800,0.8,0.94,0.1,True,0.8000000000000022,0.9004826969630645,0.275
800,0.8,0.94,0.1,True,0.7999999999999997,1.4005625616216955,0.28
800,0.8,0.94,0.1,True,0.7999999999999998,0.5131874822840221,0.295
800,0.8,0.94,0.1,True,0.8000000000000023,1.625955900496224,0.285
800,0.8,0.94,0.1,True,0.799999999999995,0.8267576096661273,0.29
800,0.8,0.94,0.1,True,0.8000000000000038,1.475096287047767,0.255
800,0.8,0.94,0.1,True,0.799999999999999,0.6251310748157867,0.25
800,0.8,0.94,0.1,True,0.7999999999999997,0.6631663657207872,0.265
800,0.8,0.94,0.1,True,0.7999999999999992,0.4505066023822024,0.305
800,0.8,0.94,0.1,True,0.7999999999999987,0.7452527255997684,0.285
800,0.8,0.94,0.1,True,0.8000000000000038,0.937965244010531,0.285
800,0.8,0.94,0.1,True,0.8000000000000038,0.7287648612531643,0.275
800,0.8,0.94,0.1,True,0.7999999999999987,0.6328011285591172,0.285
800,0.8,0.94,0.1,True,0.8,3.0219581953060577,0.3
800,0.8,0.94,0.1,True,0.8,0.5074161423264951,0.295
800,0.8,0.94,0.1,True,0.7999999999999965,1.1114064399844956,0.31
800,0.8,0.94,0.1,True,0.8000000000000002,0.6613582297894822,0.285
800,0.8,0.94,0.2,True,0.7999999999999964,2.0323689599994648,0.3
800,0.8,0.94,0.2,True,0.8000000000000018,2.161251139064034,0.29
800,0.8,0.94,0.2,True,0.8000000000000005,2.0017600013614474,0.315
800,0.8,0.94,0.2,True,0.8000000000000035,2.1416508962777128,0.28
800,0.8,0.94,0.2,True,0.799999999999998,1.973148015655219,0.275
800,0.8,0.94,0.2,True,0.7999999999999965,1.5993946371113124,0.29
800,0.8,0.94,0.2,True,0.7999999999999983,1.7297296407148275,0.32
800,0.8,0.94,0.2,True,0.7999999999999994,2.0678026692962774,0.28
800,0.8,0.94,0.2,True,0.7999999999999975,1.9224321509572828,0.29
800,0.8,0.94,0.2,True,0.7999999999999976,1.906286978654782,0.305
800,0.8,0.94,0.2,True,0.800000000000002,2.068426793332993,0.305
800,0.8,0.94,0.2,True,0.7999999999999965,1.8113562761518214,0.275
800,0.8,0.94,0.2,True,0.8000000000000004,1.9280748413887132,0.29
800,0.8,0.94,0.2,True,0.7999999999999986,2.0163366082433005,0.275
800,0.8,0.94,0.2,True,0.8000000000000019,2.0268431370591187,0.285
800,0.8,0.94,0.2,True,0.8000000000000005,2.035715884091881,0.275
800,0.8,0.94,0.2,True,0.7999999999999999,1.9320189242907908,0.285
800,0.8,0.94,0.2,True,0.7999999999999983,1.9013190395086839,0.285
800,0.8,0.94,0.2,True,0.8000000000000005,1.765218389578714,0.275
800,0.8,0.94,0.2,True,0.7999999999999989,2.0251299216947833,0.28
800,0.8,0.94,0.2,True,0.8000000000000052,1.8491331265300572,0.29
800,0.8,0.94,0.2,True,0.8000000000000006,2.074563520898592,0.3
800,0.8,0.94,0.2,True,0.799999999999998,1.9014064764378615,0.27
800,0.8,0.94,0.2,True,0.7999999999999992,1.7304015802678263,0.275
800,0.8,0.94,0.2,True,0.8000000000000003,1.8341168502624718,0.28
800,0.8,0.94,0.3,True,0.8000000000000024,1.256193917621793,0.27
800,0.8,0.94,0.3,True,0.7999999999999985,1.248757081305806,0.29
800,0.8,0.94,0.3,True,0.7999999999999999,1.4042570689261349,0.31
800,0.8,0.94,0.3,True,0.7999999999999993,1.2574787058662547,0.305
800,0.8,0.94,0.3,True,0.7999999999999977,1.2684507778182423,0.28
800,0.8,0.94,0.3,True,0.8000000000000003,1.115292846991008,0.3
800,0.8,0.94,0.3,True,0.8000000000000003,1.2511143249101453,0.3
800,0.8,0.94,0.3,True,0.8000000000000005,1.1191944508034575,0.275
800,0.8,0.94,0.3,True,0.7999999999999975,1.2930717672222163,0.29
800,0.8,0.94,0.3,True,0.8000000000000004,1.1471803827706104,0.3
800,0.8,0.94,0.3,True,0.7999999999999988,1.115306182180881,0.305
800,0.8,0.94,0.3,True,0.8000000000000038,1.3788279562409502,0.27
800,0.8,0.94,0.3,True,0.7999999999999965,1.3905843954073176,0.285
800,0.8,0.94,0.3,True,0.8000000000000003,1.1295988986514836,0.27
800,0.8,0.94,0.3,True,0.7999999999999977,1.2628209776942172,0.28
800,0.8,0.94,0.3,True,0.7999999999999994,1.3384592118559273,0.285
800,0.8,0.94,0.3,True,0.7999999999999982,1.4401577025431287,0.29
800,0.8,0.94,0.3,True,0.7999999999999996,1.299239957554226,0.295
800,0.8,0.94,0.3,True,0.7999999999999965,1.197703788660081,0.28
800,0.8,0.94,0.3,True,0.8000000000000014,1.3586512017861638,0.285
800,0.8,0.94,0.3,True,0.7999999999999998,1.1809466918752904,0.295
800,0.8,0.94,0.3,True,0.7999999999999977,1.0605197015068932,0.29
800,0.8,0.94,0.3,True,0.7999999999999987,1.2379560875535216,0.275
800,0.8,0.94,0.3,True,0.8000000000000009,1.2340028552160862,0.325
800,0.8,0.94,0.3,True,0.800000000000001,1.2059553930354494,0.27
1000,0.8,0.94,0.1,True,0.8000000000000016,2.8855524529879766,0.315
1000,0.8,0.94,0.1,True,0.7999999999999973,2.167052401387302,0.31
1000,0.8,0.94,0.1,True,0.8000000000000005,1.3906945089337153,0.305
1000,0.8,0.94,0.1,True,0.8,2.049625588459854,0.25
1000,0.8,0.94,0.1,True,0.7999999999999968,2.366912926829727,0.3
1000,0.8,0.94,0.1,True,0.7999999999999994,2.55425852741069,0.29
1000,0.8,0.94,0.1,True,0.7999999999999992,1.0479907844179286,0.305
1000,0.8,0.94,0.1,True,0.8,1.3255575981218581,0.285
1000,0.8,0.94,0.1,True,0.7999999999999996,1.530260997437826,0.31
1000,0.8,0.94,0.1,True,0.7999999999999974,1.3746772058216046,0.3
1000,0.8,0.94,0.1,True,0.8000000000000009,1.671688281267805,0.31
1000,0.8,0.94,0.1,True,0.799999999999998,1.4878930780554385,0.28
1000,0.8,0.94,0.1,True,0.8000000000000017,1.373734145127353,0.285
1000,0.8,0.94,0.1,True,0.7999999999999998,2.657706575798025,0.3
1000,0.8,0.94,0.1,True,0.799999999999998,1.5030870294426169,0.31
1000,0.8,0.94,0.1,True,0.8000000000000016,1.0493462471267643,0.3
1000,0.8,0.94,0.1,True,0.800000000000001,1.5336311811931205,0.31
1000,0.8,0.94,0.1,True,0.799999999999999,1.4751880616482778,0.3
1000,0.8,0.94,0.1,True,0.800000000000001,2.2528338062017137,0.315
1000,0.8,0.94,0.1,True,0.8000000000000014,0.6066691973261216,0.29
1000,0.8,0.94,0.1,True,0.8000000000000008,2.583888335699073,0.31
1000,0.8,0.94,0.1,True,0.7999999999999979,1.817626124240793,0.31
1000,0.8,0.94,0.1,True,0.8000000000000005,0.7503221461259717,0.275
1000,0.8,0.94,0.1,True,0.8000000000000018,2.5563404825207137,0.265
1000,0.8,0.94,0.1,True,0.800000000000002,1.006471436984497,0.305
1000,0.8,0.94,0.2,True,0.7999999999999999,2.3857089052110685,0.275
1000,0.8,0.94,0.2,True,0.8000000000000032,2.025456024217362,0.295
1000,0.8,0.94,0.2,True,0.7999999999999996,2.290297153056571,0.295
1000,0.8,0.94,0.2,True,0.7999999999999998,2.5133402273286674,0.29
1000,0.8,0.94,0.2,True,0.8000000000000016,2.083091169340493,0.28
1000,0.8,0.94,0.2,True,0.7999999999999964,2.028246858173597,0.31
1000,0.8,0.94,0.2,True,0.7999999999999987,2.043270811209669,0.285
1000,0.8,0.94,0.2,True,0.8000000000000007,2.380505330164924,0.3
1000,0.8,0.94,0.2,True,0.8000000000000022,2.2875192391781,0.31
1000,0.8,0.94,0.2,True,0.8000000000000029,2.1668779751240406,0.28
1000,0.8,0.94,0.2,True,0.7999999999999994,2.353443590544507,0.32
1000,0.8,0.94,0.2,True,0.7999999999999995,2.3464268329919626,0.295
1000,0.8,0.94,0.2,True,0.8000000000000007,2.332540404004928,0.285
1000,0.8,0.94,0.2,True,0.8,2.2947726976112848,0.305
1000,0.8,0.94,0.2,True,0.8000000000000054,2.1689482427672724,0.285
1000,0.8,0.94,0.2,True,0.8000000000000022,2.2209363956326107,0.295
1000,0.8,0.94,0.2,True,0.7999999999999979,2.626182513975029,0.305
1000,0.8,0.94,0.2,True,0.799999999999995,2.208694373691085,0.285
1000,0.8,0.94,0.2,True,0.7999999999999984,2.2041824630996985,0.32
1000,0.8,0.94,0.2,True,0.8000000000000023,2.2252186857894936,0.31
1000,0.8,0.94,0.2,True,0.7999999999999978,2.063070681604769,0.285
1000,0.8,0.94,0.2,True,0.8000000000000005,2.284692258392569,0.305
1000,0.8,0.94,0.2,True,0.7999999999999983,1.9947889796366283,0.295
1000,0.8,0.94,0.2,True,0.8000000000000019,2.3335624610399126,0.29
1000,0.8,0.94,0.2,True,0.7999999999999994,2.3523157421491194,0.27
1000,0.8,0.94,0.3,True,0.8000000000000014,1.383111912067196,0.325
1000,0.8,0.94,0.3,True,0.8000000000000045,1.2820795635644546,0.29
1000,0.8,0.94,0.3,True,0.7999999999999967,1.252530331502105,0.305
1000,0.8,0.94,0.3,True,0.8000000000000023,1.2470441553936211,0.3
1000,0.8,0.94,0.3,True,0.8000000000000022,1.3596233012765342,0.295
1000,0.8,0.94,0.3,True,0.800000000000001,1.3293902856577353,0.27
1000,0.8,0.94,0.3,True,0.8000000000000012,1.517911450453612,0.305
1000,0.8,0.94,0.3,True,0.8000000000000002,1.4104725113444396,0.305
1000,0.8,0.94,0.3,True,0.8000000000000024,1.3785988130884579,0.3
1000,0.8,0.94,0.3,True,0.8000000000000018,1.2927534944256749,0.285
1000,0.8,0.94,0.3,True,0.8000000000000023,1.3622053273377823,0.305
1000,0.8,0.94,0.3,True,0.8000000000000008,1.3564304606469593,0.3
1000,0.8,0.94,0.3,True,0.7999999999999954,1.3686290788307294,0.32
1000,0.8,0.94,0.3,True,0.8000000000000002,1.4192639129036149,0.33
1000,0.8,0.94,0.3,True,0.7999999999999984,1.39133750881339,0.295
1000,0.8,0.94,0.3,True,0.7999999999999992,1.3903720983815364,0.315
1000,0.8,0.94,0.3,True,0.7999999999999978,1.3411678797954023,0.295
1000,0.8,0.94,0.3,True,0.8000000000000019,1.4321137727110953,0.3
1000,0.8,0.94,0.3,True,0.7999999999999968,1.5173328253687974,0.305
1000,0.8,0.94,0.3,True,0.8000000000000016,1.4140149718161155,0.31
1000,0.8,0.94,0.3,True,0.7999999999999976,1.3725022728465914,0.29
1000,0.8,0.94,0.3,True,0.7999999999999976,1.3357013016642807,0.295
1000,0.8,0.94,0.3,True,0.8000000000000027,1.5331398315184266,0.31
1000,0.8,0.94,0.3,True,0.8000000000000014,1.4267379699102523,0.315
1000,0.8,0.94,0.3,True,0.7999999999999978,1.453585696731715,0.31
1200,0.8,0.94,0.1,True,0.8000000000000039,1.8048902581961546,0.315
1200,0.8,0.94,0.1,True,0.7999999999999982,3.1642704246197577,0.285
1200,0.8,0.94,0.1,True,0.800000000000002,3.1715726825682444,0.31
1200,0.8,0.94,0.1,True,0.8000000000000037,3.5149419927928647,0.295
1200,0.8,0.94,0.1,True,0.799999999999997,4.573696408554241,0.31
1200,0.8,0.94,0.1,True,0.8000000000000012,1.8346234646917938,0.28
1200,0.8,0.94,0.1,True,0.7999999999999983,1.8505968415008645,0.295
1200,0.8,0.94,0.1,True,0.7999999999999958,2.3302068817403243,0.305
1200,0.8,0.94,0.1,True,0.7999999999999997,3.322420978472266,0.245
1200,0.8,0.94,0.1,True,0.7999999999999998,2.4062215975030385,0.29
1200,0.8,0.94,0.1,True,0.8000000000000012,0.9516239134186935,0.295
1200,0.8,0.94,0.1,True,0.8000000000000024,1.8277346227928557,0.315
1200,0.8,0.94,0.1,True,0.8000000000000006,1.9970255226672204,0.33
1200,0.8,0.94,0.1,True,0.800000000000004,2.390655044675352,0.28
1200,0.8,0.94,0.1,True,0.7999999999999994,3.4170525008428583,0.3
1200,0.8,0.94,0.1,True,0.8000000000000023,1.737860023512952,0.32
1200,0.8,0.94,0.1,True,0.8,1.9641053064409717,0.275
1200,0.8,0.94,0.1,True,0.7999999999999966,1.925321001926584,0.29
1200,0.8,0.94,0.1,True,0.8000000000000003,2.4506956442837287,0.31
1200,0.8,0.94,0.1,True,0.8000000000000048,3.2510325860561036,0.325
1200,0.8,0.94,0.1,True,0.8000000000000016,2.3025262324563016,0.305
1200,0.8,0.94,0.1,True,0.7999999999999955,2.029146026548676,0.275
1200,0.8,0.94,0.1,True,0.7999999999999997,2.885424877418556,0.3
1200,0.8,0.94,0.1,True,0.8000000000000019,2.7203614160253577,0.315
1200,0.8,0.94,0.1,True,0.800000000000002,1.87702827489798,0.315
1200,0.8,0.94,0.2,True,0.7999999999999967,2.480095242087774,0.315
1200,0.8,0.94,0.2,True,0.799999999999998,2.5396115891952764,0.285
1200,0.8,0.94,0.2,True,0.8000000000000007,2.340619705222791,0.32
1200,0.8,0.94,0.2,True,0.8000000000000047,2.6314974620307074,0.285
1200,0.8,0.94,0.2,True,0.8000000000000018,2.3581260241377278,0.32
1200,0.8,0.94,0.2,True,0.800000000000002,2.503822559406005,0.305
1200,0.8,0.94,0.2,True,0.8000000000000013,2.490106230676532,0.32
1200,0.8,0.94,0.2,True,0.7999999999999969,2.3569495222634735,0.305
1200,0.8,0.94,0.2,True,0.8000000000000037,2.3123149481543512,0.285
1200,0.8,0.94,0.2,True,0.8000000000000019,2.2951327354666393,0.3
1200,0.8,0.94,0.2,True,0.8000000000000034,2.319616785952692,0.285
1200,0.8,0.94,0.2,True,0.8000000000000018,2.5645095589188305,0.295
1200,0.8,0.94,0.2,True,0.7999999999999985,2.2805201749579638,0.29
1200,0.8,0.94,0.2,True,0.8,2.502889626685616,0.285
1200,0.8,0.94,0.2,True,0.7999999999999983,2.6047684804563946,0.305
1200,0.8,0.94,0.2,True,0.8000000000000002,2.5023808692134666,0.315
1200,0.8,0.94,0.2,True,0.8000000000000014,2.301304035464433,0.32
1200,0.8,0.94,0.2,True,0.7999999999999988,2.5363988569932863,0.3
1200,0.8,0.94,0.2,True,0.8000000000000025,2.5511724168876486,0.315
1200,0.8,0.94,0.2,True,0.8000000000000053,2.59928558628974,0.3
1200,0.8,0.94,0.2,True,0.8000000000000012,2.294213739756662,0.345
1200,0.8,0.94,0.2,True,0.8000000000000016,2.5379340418394984,0.285
1200,0.8,0.94,0.2,True,0.7999999999999987,2.396646858870724,0.31
1200,0.8,0.94,0.2,True,0.8000000000000003,2.519741864026559,0.31
1200,0.8,0.94,0.2,True,0.8000000000000015,2.304065436071332,0.305
1200,0.8,0.94,0.3,True,0.8000000000000039,1.6548380314460096,0.3
1200,0.8,0.94,0.3,True,0.7999999999999992,1.505689337098359,0.285
1200,0.8,0.94,0.3,True,0.799999999999999,1.5934431179695112,0.3
1200,0.8,0.94,0.3,True,0.7999999999999972,1.523208255016762,0.29
1200,0.8,0.94,0.3,True,0.7999999999999983,1.501210974507233,0.35
1200,0.8,0.94,0.3,True,0.7999999999999992,1.5739852994465293,0.3
1200,0.8,0.94,0.3,True,0.7999999999999979,1.525246673736668,0.275
1200,0.8,0.94,0.3,True,0.8000000000000002,1.6064613600549125,0.295
1200,0.8,0.94,0.3,True,0.8000000000000003,1.3338845145409628,0.29
1200,0.8,0.94,0.3,True,0.8000000000000012,1.5767734545236347,0.3
1200,0.8,0.94,0.3,True,0.8000000000000003,1.4930734651282145,0.31
1200,0.8,0.94,0.3,True,0.8000000000000018,1.4546673616412114,0.32
1200,0.8,0.94,0.3,True,0.7999999999999959,1.559213552360814,0.32
1200,0.8,0.94,0.3,True,0.8000000000000003,1.6438658060599654,0.29
1200,0.8,0.94,0.3,True,0.7999999999999982,1.2441837160149327,0.32
1200,0.8,0.94,0.3,True,0.7999999999999999,1.5666692707205727,0.315
1200,0.8,0.94,0.3,True,0.8000000000000029,1.609797069363799,0.3
1200,0.8,0.94,0.3,True,0.8000000000000003,1.5032050728107949,0.29
1200,0.8,0.94,0.3,True,0.8000000000000002,1.4965501259187977,0.32
1200,0.8,0.94,0.3,True,0.8000000000000034,1.6348245725656299,0.295
1200,0.8,0.94,0.3,True,0.8,1.5743129080356222,0.32
1200,0.8,0.94,0.3,True,0.8000000000000003,1.4835453742131222,0.335
1200,0.8,0.94,0.3,True,0.8000000000000022,1.5268093259491777,0.305
1200,0.8,0.94,0.3,True,0.8000000000000005,1.5550758775077584,0.315
1200,0.8,0.94,0.3,True,0.8000000000000033,1.6433218330308361,0.325
800,0.8,0.97,0.1,True,0.8000000000000014,0.40844658355430097,0.3
800,0.8,0.97,0.1,True,0.8000000000000023,1.081201763456135,0.275
800,0.8,0.97,0.1,True,0.7999999999999977,1.1497625706849455,0.305
800,0.8,0.97,0.1,True,0.7999999999999949,0.5936137566371993,0.275
800,0.8,0.97,0.1,True,0.8000000000000008,0.41539970077724797,0.27
800,0.8,0.97,0.1,True,0.799999999999998,0.7877303814156362,0.26
800,0.8,0.97,0.1,True,0.8000000000000006,1.3229880688259104,0.285
800,0.8,0.97,0.1,True,0.800000000000003,0.8679758002734268,0.29
800,0.8,0.97,0.1,True,0.7999999999999978,0.8476861851415243,0.29
800,0.8,0.97,0.1,True,0.8000000000000003,0.5382791241649629,0.275
800,0.8,0.97,0.1,True,0.8000000000000008,0.6869745197142261,0.28
800,0.8,0.97,0.1,True,0.8000000000000005,0.7756250015220235,0.27
800,0.8,0.97,0.1,True,0.800000000000002,1.2404481538852656,0.285
800,0.8,0.97,0.1,True,0.7999999999999995,0.6883604308760793,0.27
800,0.8,0.97,0.1,True,0.8,1.2422536843350953,0.315
800,0.8,0.97,0.1,True,0.8000000000000038,0.8976970547497658,0.3
800,0.8,0.97,0.1,True,0.8000000000000005,1.0677630136174598,0.3
800,0.8,0.97,0.1,True,0.8000000000000005,1.1631498156872722,0.285
800,0.8,0.97,0.1,True,0.8000000000000015,0.6886894905943695,0.28
800,0.8,0.97,0.1,True,0.8,1.7154682787183522,0.28
800,0.8,0.97,0.1,True,0.7999999999999994,0.43946396783175523,0.305
800,0.8,0.97,0.1,True,0.7999999999999977,0.8491932332404486,0.26
800,0.8,0.97,0.1,True,0.8000000000000012,0.5874627320986685,0.25
800,0.8,0.97,0.1,True,0.8000000000000071,0.38311959987723787,0.29
800,0.8,0.97,0.1,True,0.7999999999999987,1.3294045875635903,0.29
800,0.8,0.97,0.2,True,0.799999999999996,2.0777804181521553,0.305
800,0.8,0.97,0.2,True,0.8000000000000007,1.747362710828457,0.26
800,0.8,0.97,0.2,True,0.7999999999999958,2.2043363705445644,0.265
800,0.8,0.97,0.2,True,0.7999999999999994,2.025542645876933,0.325
800,0.8,0.97,0.2,True,0.8000000000000032,1.9251444389003884,0.305
800,0.8,0.97,0.2,True,0.7999999999999979,1.944262456038859,0.305
800,0.8,0.97,0.2,True,0.7999999999999988,1.9005711824769929,0.29
800,0.8,0.97,0.2,True,0.7999999999999975,2.088877298105988,0.28
800,0.8,0.97,0.2,True,0.8000000000000018,2.1463931803250773,0.295
800,0.8,0.97,0.2,True,0.7999999999999978,2.0167011496162637,0.285
800,0.8,0.97,0.2,True,0.799999999999996,2.0813980185378065,0.275
800,0.8,0.97,0.2,True,0.8000000000000012,1.8631182064830991,0.245
800,0.8,0.97,0.2,True,0.7999999999999985,1.7082896478964025,0.285
800,0.8,0.97,0.2,True,0.8000000000000014,1.8253591510595848,0.285
800,0.8,0.97,0.2,True,0.7999999999999992,1.9272385743752638,0.26
800,0.8,0.97,0.2,True,0.8000000000000034,1.9680371598410284,0.295
800,0.8,0.97,0.2,True,0.8000000000000028,2.08533776233028,0.285
800,0.8,0.97,0.2,True,0.8,2.1933615830338944,0.265
800,0.8,0.97,0.2,True,0.8000000000000012,2.1353594931441444,0.3
800,0.8,0.97,0.2,True,0.7999999999999998,2.0902140887225964,0.29
800,0.8,0.97,0.2,True,0.799999999999999,2.19115595439298,0.275
800,0.8,0.97,0.2,True,0.7999999999999996,1.7100135821093891,0.275
800,0.8,0.97,0.2,True,0.8000000000000006,2.1483319284078233,0.26
800,0.8,0.97,0.2,True,0.8000000000000003,2.0792466209066873,0.28
800,0.8,0.97,0.2,True,0.799999999999996,1.8856050534980715,0.285
800,0.8,0.97,0.3,True,0.8000000000000028,1.2418788744643838,0.285
800,0.8,0.97,0.3,True,0.8000000000000016,1.3194303439473796,0.28
800,0.8,0.97,0.3,True,0.7999999999999993,1.470589044555799,0.29
800,0.8,0.97,0.3,True,0.800000000000004,1.255236954792456,0.295
800,0.8,0.97,0.3,True,0.7999999999999995,1.442032667142922,0.3
800,0.8,0.97,0.3,True,0.7999999999999999,1.2280523205105331,0.285
800,0.8,0.97,0.3,True,0.8000000000000005,1.2959713976951186,0.28
800,0.8,0.97,0.3,True,0.8000000000000005,1.4775601215449266,0.29
800,0.8,0.97,0.3,True,0.7999999999999989,1.2997698742053583,0.28
800,0.8,0.97,0.3,True,0.7999999999999969,1.3313837602028067,0.285
800,0.8,0.97,0.3,True,0.7999999999999982,1.3856828154251246,0.315
800,0.8,0.97,0.3,True,0.7999999999999983,1.2176139783588877,0.315
800,0.8,0.97,0.3,True,0.8000000000000036,1.152144693964814,0.32
800,0.8,0.97,0.3,True,0.8000000000000026,1.4571802398068503,0.28
800,0.8,0.97,0.3,True,0.7999999999999976,1.5340525525089923,0.255
800,0.8,0.97,0.3,True,0.7999999999999995,1.2606752198505418,0.27
800,0.8,0.97,0.3,True,0.8000000000000009,1.412629239741523,0.28
800,0.8,0.97,0.3,True,0.8000000000000009,1.2307068070536793,0.295
800,0.8,0.97,0.3,True,0.8000000000000008,1.3561588735980048,0.285
800,0.8,0.97,0.3,True,0.8000000000000016,1.3132066127423423,0.28
800,0.8,0.97,0.3,True,0.7999999999999989,1.2896837917494028,0.27
800,0.8,0.97,0.3,True,0.8000000000000009,1.3925384856175822,0.3
800,0.8,0.97,0.3,True,0.8000000000000012,1.2410106971864572,0.295
800,0.8,0.97,0.3,True,0.799999999999999,1.2377220449102118,0.28
800,0.8,0.97,0.3,True,0.7999999999999979,1.2622326393356424,0.285
1000,0.8,0.97,0.1,True,0.7999999999999992,1.259963506347599,0.31
1000,0.8,0.97,0.1,True,0.7999999999999988,1.58193333340115,0.285
1000,0.8,0.97,0.1,True,0.7999999999999965,2.8996815821108184,0.3
1000,0.8,0.97,0.1,True,0.7999999999999985,0.8170435207148452,0.295
1000,0.8,0.97,0.1,True,0.8000000000000013,3.248048174504803,0.3
1000,0.8,0.97,0.1,True,0.7999999999999996,2.0788606754700245,0.28
1000,0.8,0.97,0.1,True,0.7999999999999985,1.378463606021719,0.295
1000,0.8,0.97,0.1,True,0.8000000000000004,1.6993508272107727,0.3
1000,0.8,0.97,0.1,True,0.800000000000002,1.6514165698037089,0.295
1000,0.8,0.97,0.1,True,0.7999999999999967,2.014039578862299,0.315
1000,0.8,0.97,0.1,True,0.7999999999999974,0.6975042673669094,0.3
1000,0.8,0.97,0.1,True,0.8000000000000009,1.7089761094789888,0.285
1000,0.8,0.97,0.1,True,0.7999999999999983,2.302519897045084,0.29
1000,0.8,0.97,0.1,True,0.8,1.8322455295200912,0.32
1000,0.8,0.97,0.1,True,0.7999999999999988,4.687780128388576,0.29
1000,0.8,0.97,0.1,True,0.8000000000000027,1.2218095568772007,0.3
1000,0.8,0.97,0.1,True,0.8000000000000019,1.1469941240311166,0.31
1000,0.8,0.97,0.1,True,0.8000000000000004,2.065451471238532,0.275
1000,0.8,0.97,0.1,True,0.7999999999999996,2.5535959352327353,0.33
1000,0.8,0.97,0.1,True,0.7999999999999999,1.0184348329658486,0.275
1000,0.8,0.97,0.1,True,0.7999999999999996,1.8606471414100514,0.295
1000,0.8,0.97,0.1,True,0.7999999999999972,2.898703652029563,0.315
1000,0.8,0.97,0.1,True,0.7999999999999962,1.7137817270175058,0.285
1000,0.8,0.97,0.1,True,0.7999999999999985,1.7252173771106838,0.31
1000,0.8,0.97,0.1,True,0.8000000000000039,1.9756877859971351,0.32
1000,0.8,0.97,0.2,True,0.7999999999999998,2.410901026785417,0.29
1000,0.8,0.97,0.2,True,0.8000000000000008,2.378760153488676,0.33
1000,0.8,0.97,0.2,True,0.8000000000000006,2.3286101999122324,0.295
1000,0.8,0.97,0.2,True,0.8000000000000034,2.1609345895405925,0.28
1000,0.8,0.97,0.2,True,0.7999999999999969,2.300771590503393,0.275
1000,0.8,0.97,0.2,True,0.7999999999999972,2.210774890357698,0.26
1000,0.8,0.97,0.2,True,0.7999999999999978,2.459104973332509,0.285
1000,0.8,0.97,0.2,True,0.7999999999999999,2.3927061430288448,0.32
1000,0.8,0.97,0.2,True,0.800000000000003,2.267868699798755,0.27
1000,0.8,0.97,0.2,True,0.8000000000000014,2.42972584560945,0.3
1000,0.8,0.97,0.2,True,0.8000000000000017,2.3399399633700595,0.33
1000,0.8,0.97,0.2,True,0.8000000000000003,2.2574703424642637,0.31
1000,0.8,0.97,0.2,True,0.8000000000000054,2.4782149341065596,0.315
1000,0.8,0.97,0.2,True,0.7999999999999985,2.2489270421074066,0.27
1000,0.8,0.97,0.2,True,0.8000000000000022,2.338739675495941,0.29
1000,0.8,0.97,0.2,True,0.7999999999999998,2.2181613660244914,0.29
1000,0.8,0.97,0.2,True,0.7999999999999984,2.455372567116585,0.295
1000,0.8,0.97,0.2,True,0.7999999999999994,2.2068338903557163,0.28
1000,0.8,0.97,0.2,True,0.800000000000003,2.1040988135647543,0.31
1000,0.8,0.97,0.2,True,0.8000000000000008,2.174642361525624,0.3
1000,0.8,0.97,0.2,True,0.8000000000000038,2.2630344222225798,0.285
1000,0.8,0.97,0.2,True,0.7999999999999996,2.2257224707216983,0.305
1000,0.8,0.97,0.2,True,0.7999999999999998,2.3819599854094777,0.3
1000,0.8,0.97,0.2,True,0.7999999999999964,2.359450224222783,0.285
1000,0.8,0.97,0.2,True,0.8000000000000025,2.397826145493445,0.28
1000,0.8,0.97,0.3,True,0.7999999999999999,1.3881096427208712,0.28
1000,0.8,0.97,0.3,True,0.7999999999999996,1.5434326263856004,0.3
1000,0.8,0.97,0.3,True,0.7999999999999986,1.579535052624979,0.315
1000,0.8,0.97,0.3,True,0.7999999999999972,1.4542307441217583,0.3
1000,0.8,0.97,0.3,True,0.7999999999999993,1.4474769402057006,0.325
1000,0.8,0.97,0.3,True,0.7999999999999996,1.637982926454859,0.305
1000,0.8,0.97,0.3,True,0.7999999999999972,1.3257995727911696,0.305
1000,0.8,0.97,0.3,True,0.8000000000000003,1.5470614466456976,0.3
1000,0.8,0.97,0.3,True,0.8000000000000012,1.5263639256431265,0.3
1000,0.8,0.97,0.3,True,0.7999999999999988,1.541185130755369,0.31
1000,0.8,0.97,0.3,True,0.8000000000000023,1.416405366121876,0.35
1000,0.8,0.97,0.3,True,0.7999999999999976,1.532093428874036,0.285
1000,0.8,0.97,0.3,True,0.7999999999999995,1.396418197076223,0.295
1000,0.8,0.97,0.3,True,0.8000000000000005,1.4466799727223099,0.285
1000,0.8,0.97,0.3,True,0.7999999999999966,1.5712039333176813,0.28
1000,0.8,0.97,0.3,True,0.7999999999999983,1.3703775054500595,0.28
1000,0.8,0.97,0.3,True,0.7999999999999972,1.3345682304368176,0.31
1000,0.8,0.97,0.3,True,0.8000000000000008,1.4540692490049383,0.29
1000,0.8,0.97,0.3,True,0.8000000000000027,1.284936037534228,0.3
1000,0.8,0.97,0.3,True,0.8000000000000018,1.5887137755545935,0.305
1000,0.8,0.97,0.3,True,0.7999999999999947,1.5050852904526777,0.285
1000,0.8,0.97,0.3,True,0.7999999999999982,1.2800881397543684,0.33
1000,0.8,0.97,0.3,True,0.8000000000000005,1.3869498743862076,0.29
1000,0.8,0.97,0.3,True,0.7999999999999972,1.494319669789117,0.29
1000,0.8,0.97,0.3,True,0.8000000000000043,1.5481527178108891,0.31
1200,0.8,0.97,0.1,True,0.7999999999999998,2.606371173158091,0.325
1200,0.8,0.97,0.1,True,0.8000000000000026,1.7324335453901991,0.29
1200,0.8,0.97,0.1,True,0.799999999999999,1.478718571386557,0.32
1200,0.8,0.97,0.1,True,0.8000000000000028,2.2267282420030527,0.31
1200,0.8,0.97,0.1,True,0.8000000000000024,2.3507715395663373,0.3
1200,0.8,0.97,0.1,True,0.8000000000000023,4.01185611991532,0.265
1200,0.8,0.97,0.1,True,0.7999999999999987,2.7230124215367506,0.31
1200,0.8,0.97,0.1,True,0.799999999999999,2.135913456633083,0.305
1200,0.8,0.97,0.1,True,0.7999999999999994,2.638260908585549,0.32
1200,0.8,0.97,0.1,True,0.8000000000000016,4.1645868976727884,0.305
1200,0.8,0.97,0.1,True,0.799999999999998,2.9684105962221112,0.32
1200,0.8,0.97,0.1,True,0.8,4.3428083417109065,0.305
1200,0.8,0.97,0.1,True,0.8000000000000008,2.6249826518248778,0.295
1200,0.8,0.97,0.1,True,0.7999999999999996,5.08973385254514,0.315
1200,0.8,0.97,0.1,True,0.8000000000000016,5.759138021002947,0.29
1200,0.8,0.97,0.1,True,0.8000000000000004,1.7659971782162602,0.31
1200,0.8,0.97,0.1,True,0.8000000000000005,3.2034363723654744,0.305
1200,0.8,0.97,0.1,True,0.800000000000003,2.6956591764572786,0.28
1200,0.8,0.97,0.1,True,0.8000000000000014,1.6359230259400528,0.315
1200,0.8,0.97,0.1,True,0.8000000000000002,2.4294185822176733,0.29
1200,0.8,0.97,0.1,True,0.7999999999999998,1.2130888236553403,0.305
1200,0.8,0.97,0.1,True,0.8000000000000007,3.6227956641560173,0.315
1200,0.8,0.97,0.1,True,0.800000000000003,1.6398677213734776,0.305
1200,0.8,0.97,0.1,True,0.7999999999999987,3.6911495351259234,0.275
1200,0.8,0.97,0.1,True,0.7999999999999996,2.072550920527736,0.3
1200,0.8,0.97,0.2,True,0.8000000000000004,2.297520886751271,0.3
1200,0.8,0.97,0.2,True,0.7999999999999985,2.5685342596993745,0.315
1200,0.8,0.97,0.2,True,0.7999999999999963,2.691374101567739,0.31
1200,0.8,0.97,0.2,True,0.8000000000000028,2.4489351641355106,0.3
1200,0.8,0.97,0.2,True,0.7999999999999988,2.7782814674153933,0.275
1200,0.8,0.97,0.2,True,0.7999999999999992,2.5095600696608713,0.3
1200,0.8,0.97,0.2,True,0.8000000000000036,2.6837600603455645,0.315
1200,0.8,0.97,0.2,True,0.7999999999999997,2.4593304448080113,0.295
1200,0.8,0.97,0.2,True,0.7999999999999996,2.757111522864308,0.265
1200,0.8,0.97,0.2,True,0.7999999999999985,2.472595943577753,0.32
1200,0.8,0.97,0.2,True,0.8000000000000003,2.4887929046155306,0.3
1200,0.8,0.97,0.2,True,0.800000000000001,2.4478558472060308,0.3
1200,0.8,0.97,0.2,True,0.8,2.651473491145187,0.315
1200,0.8,0.97,0.2,True,0.7999999999999978,2.45806043890242,0.275
1200,0.8,0.97,0.2,True,0.799999999999998,2.603663055749361,0.305
1200,0.8,0.97,0.2,True,0.8000000000000002,2.369672454854511,0.34
1200,0.8,0.97,0.2,True,0.8000000000000023,2.6260834971441986,0.34
1200,0.8,0.97,0.2,True,0.7999999999999963,2.3077161226952123,0.3
1200,0.8,0.97,0.2,True,0.7999999999999995,2.5917942477617917,0.295
1200,0.8,0.97,0.2,True,0.8000000000000003,2.589390021371122,0.305
1200,0.8,0.97,0.2,True,0.800000000000004,2.544682578187479,0.29
1200,0.8,0.97,0.2,True,0.8000000000000006,2.4326259837649062,0.305
1200,0.8,0.97,0.2,True,0.8000000000000003,2.620565024258154,0.3
1200,0.8,0.97,0.2,True,0.7999999999999965,2.7365914321505063,0.3
1200,0.8,0.97,0.2,True,0.8000000000000013,2.5940615787398356,0.295
1200,0.8,0.97,0.3,True,0.8000000000000032,1.5603201370615536,0.3
1200,0.8,0.97,0.3,True,0.8,1.497696137806328,0.315
1200,0.8,0.97,0.3,True,0.8000000000000004,1.701032547114171,0.285
1200,0.8,0.97,0.3,True,0.7999999999999992,1.5011361684649764,0.3
1200,0.8,0.97,0.3,True,0.8000000000000013,1.6123703482804015,0.305
1200,0.8,0.97,0.3,True,0.8,1.5640336224997298,0.315
1200,0.8,0.97,0.3,True,0.8000000000000017,1.6039820832240914,0.31
1200,0.8,0.97,0.3,True,0.8000000000000026,1.5086846265595473,0.285
1200,0.8,0.97,0.3,True,0.7999999999999986,1.6107672829460098,0.3
1200,0.8,0.97,0.3,True,0.7999999999999976,1.5531407480461372,0.33
1200,0.8,0.97,0.3,True,0.7999999999999978,1.657386949397175,0.295
1200,0.8,0.97,0.3,True,0.8000000000000026,1.5924173114180202,0.3
1200,0.8,0.97,0.3,True,0.800000000000001,1.390520228034573,0.3
1200,0.8,0.97,0.3,True,0.7999999999999983,1.5726061125939168,0.3
1200,0.8,0.97,0.3,True,0.7999999999999988,1.6492685190795253,0.295
1200,0.8,0.97,0.3,True,0.8000000000000007,1.4559591850226754,0.33
1200,0.8,0.97,0.3,True,0.8000000000000018,1.5339101561261101,0.315
1200,0.8,0.97,0.3,True,0.7999999999999969,1.580727355715263,0.3
1200,0.8,0.97,0.3,True,0.7999999999999988,1.702338723141442,0.32
1200,0.8,0.97,0.3,True,0.8000000000000014,1.6594435685560613,0.3
1200,0.8,0.97,0.3,True,0.7999999999999998,1.6564996800763256,0.305
1200,0.8,0.97,0.3,True,0.799999999999998,1.5447746938154583,0.32
1200,0.8,0.97,0.3,True,0.8000000000000003,1.6122907836719453,0.275
1200,0.8,0.97,0.3,True,0.8000000000000007,1.6782088186497244,0.3
1200,0.8,0.97,0.3,True,0.7999999999999989,1.4731732855374897,0.3
800,0.8,1.0,0.1,True,0.8000000000000023,0.4094765978575006,0.28
800,0.8,1.0,0.1,True,0.8000000000000008,0.9654188021172007,0.265
800,0.8,1.0,0.1,True,0.8000000000000012,0.8093039556222317,0.275
800,0.8,1.0,0.1,True,0.7999999999999998,0.49733185150706044,0.275
800,0.8,1.0,0.1,True,0.7999999999999974,1.08323976022044,0.255
800,0.8,1.0,0.1,True,0.7999999999999974,0.931739702884981,0.265
800,0.8,1.0,0.1,True,0.8000000000000017,0.9718368965595356,0.295
800,0.8,1.0,0.1,True,0.8000000000000048,2.7405960794533915,0.26
800,0.8,1.0,0.1,True,0.7999999999999993,0.8621273862960249,0.28
800,0.8,1.0,0.1,True,0.799999999999998,0.8064960632848451,0.29
800,0.8,1.0,0.1,True,0.8000000000000018,1.955375735304782,0.275
800,0.8,1.0,0.1,True,0.800000000000004,0.5500756729716423,0.285
800,0.8,1.0,0.1,True,0.8000000000000024,0.5858494704316906,0.265
800,0.8,1.0,0.1,True,0.8000000000000023,0.6415640442248707,0.275
800,0.8,1.0,0.1,True,0.8000000000000003,0.6264001728709704,0.3
800,0.8,1.0,0.1,True,0.799999999999999,0.35979089664364555,0.29
800,0.8,1.0,0.1,True,0.7999999999999969,1.3943756959076703,0.29
800,0.8,1.0,0.1,True,0.8000000000000023,1.0478485093711023,0.285
800,0.8,1.0,0.1,True,0.800000000000004,1.2594254180514086,0.28
800,0.8,1.0,0.1,True,0.7999999999999992,0.888812427143338,0.27
800,0.8,1.0,0.1,True,0.7999999999999994,1.3382089182675994,0.255
800,0.8,1.0,0.1,True,0.799999999999998,0.848057263266732,0.29
800,0.8,1.0,0.1,True,0.799999999999998,1.4554000422710374,0.27
800,0.8,1.0,0.1,True,0.7999999999999995,0.8903481448486117,0.265
800,0.8,1.0,0.1,True,0.7999999999999964,1.2364296912273158,0.27
800,0.8,1.0,0.2,True,0.7999999999999967,2.0085936473856885,0.275
800,0.8,1.0,0.2,True,0.8000000000000006,1.809128458400199,0.265
800,0.8,1.0,0.2,True,0.7999999999999983,2.24039648914136,0.29
800,0.8,1.0,0.2,True,0.8,2.0922957094331647,0.305
800,0.8,1.0,0.2,True,0.8000000000000043,2.0181861653769713,0.28
800,0.8,1.0,0.2,True,0.800000000000001,2.1345747121196257,0.27
800,0.8,1.0,0.2,True,0.8000000000000012,2.0527010830774723,0.31
800,0.8,1.0,0.2,True,0.8000000000000018,2.1207970272229897,0.275
800,0.8,1.0,0.2,True,0.8000000000000047,1.9370144347150848,0.27
800,0.8,1.0,0.2,True,0.8000000000000013,2.068121279793007,0.27
800,0.8,1.0,0.2,True,0.8000000000000022,2.0539383114384577,0.305
800,0.8,1.0,0.2,True,0.800000000000002,1.924911242071719,0.28
800,0.8,1.0,0.2,True,0.7999999999999993,1.9956050144960473,0.275
800,0.8,1.0,0.2,True,0.8000000000000014,2.1403321323263733,0.3
800,0.8,1.0,0.2,True,0.8000000000000012,1.7955314479537527,0.295
800,0.8,1.0,0.2,True,0.7999999999999973,1.8945863681554513,0.3
800,0.8,1.0,0.2,True,0.800000000000001,2.216367330321074,0.28
800,0.8,1.0,0.2,True,0.800000000000002,1.882336497892348,0.28
800,0.8,1.0,0.2,True,0.8000000000000014,2.1578511590738616,0.29
800,0.8,1.0,0.2,True,0.8000000000000014,1.8597803649639628,0.285
800,0.8,1.0,0.2,True,0.8000000000000014,2.067852731067995,0.27
800,0.8,1.0,0.2,True,0.8000000000000025,1.9920729406567559,0.295
800,0.8,1.0,0.2,True,0.799999999999996,2.2079424303900357,0.3
800,0.8,1.0,0.2,True,0.7999999999999984,2.336357601123921,0.265
800,0.8,1.0,0.2,True,0.800000000000005,2.1960525119621455,0.285
800,0.8,1.0,0.3,True,0.7999999999999992,1.4411255680907615,0.245
800,0.8,1.0,0.3,True,0.7999999999999987,1.3095781798018509,0.27
800,0.8,1.0,0.3,True,0.8000000000000004,1.4629966425997625,0.28
800,0.8,1.0,0.3,True,0.8000000000000008,1.1973822171632098,0.285
800,0.8,1.0,0.3,True,0.7999999999999963,1.3390832782402193,0.27
800,0.8,1.0,0.3,True,0.8000000000000045,1.4186452508617622,0.29
800,0.8,1.0,0.3,True,0.8000000000000005,1.4332100320571513,0.285
800,0.8,1.0,0.3,True,0.7999999999999998,1.2897230292921122,0.285
800,0.8,1.0,0.3,True,0.7999999999999987,1.2875131710266552,0.305
800,0.8,1.0,0.3,True,0.7999999999999979,1.2365139044161402,0.29
800,0.8,1.0,0.3,True,0.7999999999999974,1.3234187453697632,0.33
800,0.8,1.0,0.3,True,0.799999999999998,1.178340343615594,0.26
800,0.8,1.0,0.3,True,0.7999999999999993,1.4014469274305907,0.3
800,0.8,1.0,0.3,True,0.7999999999999988,1.3520852259626845,0.27
800,0.8,1.0,0.3,True,0.7999999999999995,1.394910707162238,0.305
800,0.8,1.0,0.3,True,0.8000000000000006,1.369501397736749,0.275
800,0.8,1.0,0.3,True,0.7999999999999994,1.3171326143436866,0.275
800,0.8,1.0,0.3,True,0.7999999999999989,1.3533024566069005,0.27
800,0.8,1.0,0.3,True,0.7999999999999988,1.2286583155251476,0.25
800,0.8,1.0,0.3,True,0.8000000000000013,1.2886662614938424,0.285
800,0.8,1.0,0.3,True,0.7999999999999999,1.3204592792882694,0.275
800,0.8,1.0,0.3,True,0.8000000000000013,1.224123171808605,0.285
800,0.8,1.0,0.3,True,0.8000000000000007,1.3844909012676507,0.285
800,0.8,1.0,0.3,True,0.7999999999999965,1.4844416585036635,0.29
800,0.8,1.0,0.3,True,0.7999999999999986,1.2043319873054006,0.255
1000,0.8,1.0,0.1,True,0.7999999999999998,1.5419672988595794,0.27
1000,0.8,1.0,0.1,True,0.8000000000000016,1.9497257002208703,0.27
1000,0.8,1.0,0.1,True,0.8,1.6318036721941835,0.29
1000,0.8,1.0,0.1,True,0.8,1.7712319106993406,0.26
1000,0.8,1.0,0.1,True,0.8000000000000005,1.1854896479223997,0.31
1000,0.8,1.0,0.1,True,0.8000000000000028,1.029246071171222,0.29
1000,0.8,1.0,0.1,True,0.800000000000002,3.374019638331926,0.275
1000,0.8,1.0,0.1,True,0.8000000000000034,0.7388675686242625,0.26
1000,0.8,1.0,0.1,True,0.7999999999999987,1.2887925333060986,0.295
1000,0.8,1.0,0.1,True,0.7999999999999992,1.1166449837070151,0.31
1000,0.8,1.0,0.1,True,0.7999999999999968,2.443377852525393,0.315
1000,0.8,1.0,0.1,True,0.7999999999999989,1.4414361869398356,0.295
1000,0.8,1.0,0.1,True,0.7999999999999989,1.7475700562500396,0.3
1000,0.8,1.0,0.1,True,0.8000000000000002,1.3660735880628267,0.32
1000,0.8,1.0,0.1,True,0.8000000000000032,1.02556659591116,0.3
1000,0.8,1.0,0.1,True,0.7999999999999982,1.50758855940362,0.26
1000,0.8,1.0,0.1,True,0.8000000000000023,1.0922136836918304,0.3
1000,0.8,1.0,0.1,True,0.8000000000000006,1.8987503888319046,0.325
1000,0.8,1.0,0.1,True,0.8000000000000019,2.0972355375620824,0.315
1000,0.8,1.0,0.1,True,0.7999999999999994,3.3089635217716293,0.31
1000,0.8,1.0,0.1,True,0.8000000000000033,2.0562796352676855,0.28
1000,0.8,1.0,0.1,True,0.7999999999999994,1.8150284869799158,0.3
1000,0.8,1.0,0.1,True,0.7999999999999983,0.885873729008623,0.31
1000,0.8,1.0,0.1,True,0.8000000000000003,2.8098772395412945,0.305
1000,0.8,1.0,0.1,True,0.8000000000000008,2.030239481219618,0.3
1000,0.8,1.0,0.2,True,0.7999999999999987,2.5410444050069922,0.285
1000,0.8,1.0,0.2,True,0.7999999999999998,2.3563029652110594,0.295
1000,0.8,1.0,0.2,True,0.7999999999999994,2.142551843730483,0.3
1000,0.8,1.0,0.2,True,0.7999999999999995,2.172886512534352,0.3
1000,0.8,1.0,0.2,True,0.8000000000000019,2.3596241707925025,0.29
1000,0.8,1.0,0.2,True,0.8000000000000012,2.5357527894044343,0.305
1000,0.8,1.0,0.2,True,0.8000000000000005,2.3921196044499364,0.29
1000,0.8,1.0,0.2,True,0.800000000000001,2.1952014732961853,0.295
1000,0.8,1.0,0.2,True,0.8000000000000015,2.2014919896077005,0.295
1000,0.8,1.0,0.2,True,0.7999999999999982,2.401770342011197,0.32
1000,0.8,1.0,0.2,True,0.8000000000000014,2.4065572543207585,0.285
1000,0.8,1.0,0.2,True,0.7999999999999967,2.235472974051583,0.3
1000,0.8,1.0,0.2,True,0.7999999999999984,2.3603121852874316,0.31
1000,0.8,1.0,0.2,True,0.7999999999999994,2.38842867512793,0.295
1000,0.8,1.0,0.2,True,0.8000000000000043,2.3644765017440283,0.28
1000,0.8,1.0,0.2,True,0.7999999999999959,2.454645907921146,0.27
1000,0.8,1.0,0.2,True,0.8000000000000009,2.3436838366687525,0.29
1000,0.8,1.0,0.2,True,0.7999999999999997,2.2164742824424,0.305
1000,0.8,1.0,0.2,True,0.7999999999999987,2.17698166086286,0.31
1000,0.8,1.0,0.2,True,0.8,2.495895733319667,0.27
1000,0.8,1.0,0.2,True,0.7999999999999978,2.452722890936079,0.28
1000,0.8,1.0,0.2,True,0.7999999999999986,2.318236882525882,0.31
1000,0.8,1.0,0.2,True,0.8000000000000003,2.420483090035069,0.285
1000,0.8,1.0,0.2,True,0.8000000000000007,2.3126279929810494,0.29
1000,0.8,1.0,0.2,True,0.7999999999999998,2.3585347846922575,0.3
1000,0.8,1.0,0.3,True,0.800000000000002,1.4020566545075015,0.315
1000,0.8,1.0,0.3,True,0.7999999999999988,1.4252234348309476,0.295
1000,0.8,1.0,0.3,True,0.8000000000000005,1.3522025223080871,0.285
1000,0.8,1.0,0.3,True,0.8000000000000008,1.2976582505966028,0.315
1000,0.8,1.0,0.3,True,0.7999999999999974,1.4134677945983665,0.27
1000,0.8,1.0,0.3,True,0.7999999999999987,1.4662511829300122,0.3
1000,0.8,1.0,0.3,True,0.7999999999999985,1.3892303004466708,0.3
1000,0.8,1.0,0.3,True,0.8000000000000012,1.4155730249373115,0.315
1000,0.8,1.0,0.3,True,0.8,1.470209383768839,0.31
1000,0.8,1.0,0.3,True,0.7999999999999963,1.5615394606898918,0.315
1000,0.8,1.0,0.3,True,0.8000000000000013,1.5156496158453843,0.3
1000,0.8,1.0,0.3,True,0.8000000000000006,1.57709261136486,0.305
1000,0.8,1.0,0.3,True,0.7999999999999984,1.3817916753223856,0.29
1000,0.8,1.0,0.3,True,0.7999999999999983,1.6033229801563207,0.295
1000,0.8,1.0,0.3,True,0.8000000000000007,1.3851877810481001,0.295
1000,0.8,1.0,0.3,True,0.7999999999999978,1.4328443345517172,0.275
1000,0.8,1.0,0.3,True,0.7999999999999985,1.4298700925042827,0.29
1000,0.8,1.0,0.3,True,0.7999999999999996,1.4778033413707699,0.28
1000,0.8,1.0,0.3,True,0.8000000000000006,1.3605410857164695,0.3
1000,0.8,1.0,0.3,True,0.8000000000000016,1.568795001421358,0.31
1000,0.8,1.0,0.3,True,0.7999999999999964,1.5394990784677096,0.3
1000,0.8,1.0,0.3,True,0.799999999999998,1.4874315083004577,0.29
1000,0.8,1.0,0.3,True,0.8000000000000005,1.4154803828431328,0.295
1000,0.8,1.0,0.3,True,0.8000000000000008,1.2752730841381446,0.305
1000,0.8,1.0,0.3,True,0.8000000000000003,1.5558988446284305,0.315
1200,0.8,1.0,0.1,True,0.7999999999999986,3.694002028504979,0.31
1200,0.8,1.0,0.1,True,0.8000000000000024,2.9441813141515514,0.285
1200,0.8,1.0,0.1,True,0.8000000000000029,3.3704965487018286,0.315
1200,0.8,1.0,0.1,True,0.7999999999999994,2.76423457420049,0.31
1200,0.8,1.0,0.1,True,0.7999999999999977,3.362233016744728,0.295
1200,0.8,1.0,0.1,True,0.7999999999999985,1.923815103520493,0.315
1200,0.8,1.0,0.1,True,0.8,2.850842700238211,0.285
1200,0.8,1.0,0.1,True,0.799999999999998,2.404823874019324,0.29
1200,0.8,1.0,0.1,True,0.8000000000000026,3.6697142061077344,0.31
1200,0.8,1.0,0.1,True,0.8000000000000032,2.757808644380727,0.32
1200,0.8,1.0,0.1,True,0.7999999999999985,2.4672866247402303,0.3
1200,0.8,1.0,0.1,True,0.799999999999998,3.5625822220901515,0.32
1200,0.8,1.0,0.1,True,0.7999999999999998,3.440439559905231,0.295
1200,0.8,1.0,0.1,True,0.8000000000000008,1.4811624546225326,0.3
1200,0.8,1.0,0.1,True,0.7999999999999978,2.6518593230477037,0.29
1200,0.8,1.0,0.1,True,0.8000000000000007,4.064315754071161,0.285
1200,0.8,1.0,0.1,True,0.8000000000000016,2.730188689725514,0.29
1200,0.8,1.0,0.1,True,0.8000000000000016,2.2129133527351685,0.305
1200,0.8,1.0,0.1,True,0.8000000000000028,2.9129428252104663,0.3
1200,0.8,1.0,0.1,True,0.7999999999999986,2.548465551469522,0.305
1200,0.8,1.0,0.1,True,0.8000000000000013,1.7994282761645044,0.3
1200,0.8,1.0,0.1,True,0.7999999999999994,2.09694171140836,0.28
1200,0.8,1.0,0.1,True,0.7999999999999963,2.261701083563533,0.3
1200,0.8,1.0,0.1,True,0.8000000000000026,4.766126415767422,0.28
1200,0.8,1.0,0.1,True,0.8,2.144811674989261,0.265
1200,0.8,1.0,0.2,True,0.7999999999999967,2.470497067873194,0.285
1200,0.8,1.0,0.2,True,0.8000000000000002,2.4865231882952825,0.305
1200,0.8,1.0,0.2,True,0.8000000000000025,2.70977416933255,0.29
1200,0.8,1.0,0.2,True,0.799999999999998,2.5374016099393977,0.305
1200,0.8,1.0,0.2,True,0.8,2.3167895178150575,0.305
1200,0.8,1.0,0.2,True,0.8000000000000039,2.7380667997749075,0.31
1200,0.8,1.0,0.2,True,0.8000000000000005,2.638100267892082,0.275
1200,0.8,1.0,0.2,True,0.7999999999999997,2.4415531916852995,0.335
1200,0.8,1.0,0.2,True,0.7999999999999992,2.5849622815429667,0.305
1200,0.8,1.0,0.2,True,0.8000000000000038,2.7300593488228353,0.315
1200,0.8,1.0,0.2,True,0.799999999999995,2.5649657564681227,0.295
1200,0.8,1.0,0.2,True,0.8000000000000014,2.622689219781181,0.305
1200,0.8,1.0,0.2,True,0.8000000000000052,2.555876351380531,0.33
1200,0.8,1.0,0.2,True,0.8000000000000009,2.709242449579465,0.295
1200,0.8,1.0,0.2,True,0.7999999999999986,2.908628518459775,0.28
1200,0.8,1.0,0.2,True,0.7999999999999975,2.7057868625915855,0.31
1200,0.8,1.0,0.2,True,0.8000000000000008,2.65072129757969,0.305
1200,0.8,1.0,0.2,True,0.8000000000000006,2.440072727910258,0.29
1200,0.8,1.0,0.2,True,0.8000000000000008,2.6325063714177146,0.305
1200,0.8,1.0,0.2,True,0.7999999999999966,2.6937205433268203,0.305
1200,0.8,1.0,0.2,True,0.7999999999999972,2.734713185254922,0.295
1200,0.8,1.0,0.2,True,0.8000000000000024,2.4005151861084535,0.32
1200,0.8,1.0,0.2,True,0.7999999999999992,2.398417600322236,0.305
1200,0.8,1.0,0.2,True,0.7999999999999985,2.4099011422253644,0.315
1200,0.8,1.0,0.2,True,0.8000000000000003,2.583868344439973,0.28
1200,0.8,1.0,0.3,True,0.800000000000002,1.5939060680916073,0.315
1200,0.8,1.0,0.3,True,0.8000000000000002,1.6518624274688491,0.305
1200,0.8,1.0,0.3,True,0.8000000000000007,1.622618449604643,0.315
1200,0.8,1.0,0.3,True,0.7999999999999998,1.5655894381767057,0.285
1200,0.8,1.0,0.3,True,0.8000000000000023,1.5537729770773239,0.295
1200,0.8,1.0,0.3,True,0.7999999999999992,1.5749886684653194,0.3
1200,0.8,1.0,0.3,True,0.8000000000000003,1.577347490819077,0.305
1200,0.8,1.0,0.3,True,0.7999999999999978,1.6165860820630398,0.305
1200,0.8,1.0,0.3,True,0.7999999999999983,1.7594099296181531,0.305
1200,0.8,1.0,0.3,True,0.8000000000000004,1.4861318239199575,0.31
1200,0.8,1.0,0.3,True,0.8000000000000029,1.4989259283578802,0.285
1200,0.8,1.0,0.3,True,0.8000000000000014,1.4726158077929843,0.325
1200,0.8,1.0,0.3,True,0.8000000000000034,1.5702115885199222,0.295
1200,0.8,1.0,0.3,True,0.8000000000000045,1.5353432948305685,0.29
1200,0.8,1.0,0.3,True,0.8000000000000009,1.7380261972936466,0.32
1200,0.8,1.0,0.3,True,0.7999999999999983,1.5724175166170828,0.305
1200,0.8,1.0,0.3,True,0.800000000000002,1.5782714306170469,0.295
1200,0.8,1.0,0.3,True,0.7999999999999947,1.4190060961850683,0.295
1200,0.8,1.0,0.3,True,0.7999999999999969,1.5949473348334566,0.305
1200,0.8,1.0,0.3,True,0.8000000000000008,1.572021452373105,0.3
1200,0.8,1.0,0.3,True,0.8000000000000015,1.5554064767103826,0.31
1200,0.8,1.0,0.3,True,0.7999999999999948,1.6148172840532204,0.295
1200,0.8,1.0,0.3,True,0.8000000000000046,1.5241895855518308,0.32
1200,0.8,1.0,0.3,True,0.8000000000000009,1.471071152776489,0.305
1200,0.8,1.0,0.3,True,0.8000000000000046,1.5235150123208947,0.31
